ville,type,date,temperature,humidite,pression,vent,pluie,description
Dakar,current,2025-10-31 19:31:09+00:00,28.47,83,1012,3.09,0.0,partiellement nuageux
Dakar,hourly,2025-10-31 19:00:00+00:00,28.35,81,1012,6.1,0.0,partiellement nuageux
Dakar,hourly,2025-10-31 20:00:00+00:00,28.47,83,1012,6.26,0.0,partiellement nuageux
Dakar,hourly,2025-10-31 21:00:00+00:00,28.36,81,1012,4.58,0.0,partiellement nuageux
Dakar,hourly,2025-10-31 22:00:00+00:00,28.28,79,1012,3.84,0.0,partiellement nuageux
Dakar,hourly,2025-10-31 23:00:00+00:00,28.21,76,1013,3.48,0.0,partiellement nuageux
Dakar,hourly,2025-11-01 00:00:00+00:00,28.12,74,1013,3.72,0.0,partiellement nuageux
Dakar,hourly,2025-11-01 01:00:00+00:00,27.98,73,1013,4.67,0.0,ciel dégagé
Dakar,hourly,2025-11-01 02:00:00+00:00,27.95,73,1012,4.85,0.0,ciel dégagé
Dakar,hourly,2025-11-01 03:00:00+00:00,27.97,73,1012,4.46,0.0,ciel dégagé
Dakar,hourly,2025-11-01 04:00:00+00:00,28.03,73,1012,5.11,0.0,ciel dégagé
Dakar,hourly,2025-11-01 05:00:00+00:00,28.09,72,1012,4.95,0.0,peu nuageux
Dakar,hourly,2025-11-01 06:00:00+00:00,28.15,72,1012,5.06,0.0,peu nuageux
Dakar,hourly,2025-11-01 07:00:00+00:00,28.19,72,1013,4.77,0.0,nuageux
Dakar,hourly,2025-11-01 08:00:00+00:00,28.28,72,1013,5.82,0.0,nuageux
Dakar,hourly,2025-11-01 09:00:00+00:00,28.37,71,1014,6.61,0.0,nuageux
Dakar,hourly,2025-11-01 10:00:00+00:00,28.38,71,1014,6.16,0.0,couvert
Dakar,hourly,2025-11-01 11:00:00+00:00,28.37,71,1014,5.52,0.0,couvert
Dakar,hourly,2025-11-01 12:00:00+00:00,28.39,71,1014,5.86,0.0,couvert
Dakar,hourly,2025-11-01 13:00:00+00:00,28.36,70,1013,5.81,0.0,nuageux
Dakar,hourly,2025-11-01 14:00:00+00:00,28.34,70,1012,5.56,0.0,nuageux
Dakar,hourly,2025-11-01 15:00:00+00:00,28.3,71,1011,5.88,0.0,partiellement nuageux
Dakar,hourly,2025-11-01 16:00:00+00:00,28.22,71,1011,5.21,0.0,nuageux
Dakar,hourly,2025-11-01 17:00:00+00:00,28.16,71,1012,4.86,0.0,nuageux
Dakar,hourly,2025-11-01 18:00:00+00:00,28.08,71,1012,5.01,0.0,nuageux
Dakar,hourly,2025-11-01 19:00:00+00:00,28.08,72,1012,5.57,0.0,couvert
Dakar,hourly,2025-11-01 20:00:00+00:00,28.1,72,1013,6.04,0.0,couvert
Dakar,hourly,2025-11-01 21:00:00+00:00,28.15,72,1013,6.04,0.0,couvert
Dakar,hourly,2025-11-01 22:00:00+00:00,28.16,72,1014,5.65,0.0,couvert
Dakar,hourly,2025-11-01 23:00:00+00:00,28.07,72,1014,6.1,0.0,couvert
Dakar,hourly,2025-11-02 00:00:00+00:00,28.01,72,1013,5.92,0.0,couvert
Dakar,hourly,2025-11-02 01:00:00+00:00,27.95,72,1013,5.53,0.0,ciel dégagé
Dakar,hourly,2025-11-02 02:00:00+00:00,27.92,73,1012,6.09,0.0,peu nuageux
Dakar,hourly,2025-11-02 03:00:00+00:00,27.87,72,1012,5.31,0.0,partiellement nuageux
Dakar,hourly,2025-11-02 04:00:00+00:00,27.82,72,1012,4.42,0.0,partiellement nuageux
Dakar,hourly,2025-11-02 05:00:00+00:00,27.82,72,1012,4.78,0.0,partiellement nuageux
Dakar,hourly,2025-11-02 06:00:00+00:00,27.82,72,1012,4.52,0.0,partiellement nuageux
Dakar,hourly,2025-11-02 07:00:00+00:00,27.83,73,1013,6.5,0.0,ciel dégagé
Dakar,hourly,2025-11-02 08:00:00+00:00,27.94,73,1013,6.67,0.0,peu nuageux
Dakar,hourly,2025-11-02 09:00:00+00:00,28.08,71,1013,5.83,0.0,partiellement nuageux
Dakar,hourly,2025-11-02 10:00:00+00:00,28.28,70,1014,6.07,0.0,partiellement nuageux
Dakar,hourly,2025-11-02 11:00:00+00:00,28.39,69,1014,5.46,0.0,partiellement nuageux
Dakar,hourly,2025-11-02 12:00:00+00:00,28.44,70,1014,5.25,0.0,partiellement nuageux
Dakar,hourly,2025-11-02 13:00:00+00:00,28.41,71,1013,6.11,0.0,ciel dégagé
Dakar,hourly,2025-11-02 14:00:00+00:00,28.39,71,1012,6.04,0.0,ciel dégagé
Dakar,hourly,2025-11-02 15:00:00+00:00,28.36,70,1011,5.56,0.0,ciel dégagé
Dakar,hourly,2025-11-02 16:00:00+00:00,28.42,71,1010,6.5,0.0,ciel dégagé
Dakar,hourly,2025-11-02 17:00:00+00:00,28.42,71,1010,6.35,0.0,ciel dégagé
Dakar,hourly,2025-11-02 18:00:00+00:00,28.54,70,1011,6.98,0.0,ciel dégagé
Dakar,daily,2025-10-31 12:00:00+00:00,27.87,74,1013,6.26,0.0,ciel dégagé
Dakar,daily,2025-11-01 12:00:00+00:00,28.39,71,1014,6.61,0.0,couvert
Dakar,daily,2025-11-02 12:00:00+00:00,28.44,70,1014,6.98,0.0,partiellement nuageux
Dakar,daily,2025-11-03 12:00:00+00:00,29.4,65,1011,5.62,0.0,peu nuageux
Dakar,daily,2025-11-04 12:00:00+00:00,28.3,75,1013,6.38,0.0,ciel dégagé
Dakar,daily,2025-11-05 12:00:00+00:00,27.69,74,1014,7.14,0.0,peu nuageux
Dakar,daily,2025-11-06 12:00:00+00:00,28.43,63,1012,6.39,0.0,ciel dégagé
Dakar,daily,2025-11-07 12:00:00+00:00,28.39,65,1012,5.02,0.0,ciel dégagé
Thiès,current,2025-10-31 19:31:10+00:00,28.12,73,1012,3.97,0.0,ciel dégagé
Thiès,hourly,2025-10-31 19:00:00+00:00,27.92,72,1012,4.31,0.0,ciel dégagé
Thiès,hourly,2025-10-31 20:00:00+00:00,28.12,73,1012,3.97,0.0,ciel dégagé
Thiès,hourly,2025-10-31 21:00:00+00:00,27.76,74,1012,3.33,0.0,ciel dégagé
Thiès,hourly,2025-10-31 22:00:00+00:00,27.28,75,1012,2.28,0.0,ciel dégagé
Thiès,hourly,2025-10-31 23:00:00+00:00,26.72,76,1013,2.6,0.0,ciel dégagé
Thiès,hourly,2025-11-01 00:00:00+00:00,26.06,77,1013,2.76,0.0,ciel dégagé
Thiès,hourly,2025-11-01 01:00:00+00:00,25.37,78,1013,2.55,0.0,ciel dégagé
Thiès,hourly,2025-11-01 02:00:00+00:00,25.14,79,1012,3.03,0.0,ciel dégagé
Thiès,hourly,2025-11-01 03:00:00+00:00,24.99,80,1012,3.51,0.0,ciel dégagé
Thiès,hourly,2025-11-01 04:00:00+00:00,24.89,81,1012,3.35,0.0,ciel dégagé
Thiès,hourly,2025-11-01 05:00:00+00:00,24.57,81,1012,2.86,0.0,ciel dégagé
Thiès,hourly,2025-11-01 06:00:00+00:00,24.31,82,1012,2.0,0.0,peu nuageux
Thiès,hourly,2025-11-01 07:00:00+00:00,24.32,82,1013,2.92,0.0,ciel dégagé
Thiès,hourly,2025-11-01 08:00:00+00:00,25.59,77,1013,2.9,0.0,ciel dégagé
Thiès,hourly,2025-11-01 09:00:00+00:00,28.57,62,1014,5.23,0.0,peu nuageux
Thiès,hourly,2025-11-01 10:00:00+00:00,30.6,50,1014,5.11,0.0,partiellement nuageux
Thiès,hourly,2025-11-01 11:00:00+00:00,32.21,42,1014,5.0,0.0,partiellement nuageux
Thiès,hourly,2025-11-01 12:00:00+00:00,33.57,35,1013,5.22,0.0,nuageux
Thiès,hourly,2025-11-01 13:00:00+00:00,34.17,32,1012,5.69,0.0,couvert
Thiès,hourly,2025-11-01 14:00:00+00:00,33.92,35,1011,6.06,0.0,couvert
Thiès,hourly,2025-11-01 15:00:00+00:00,33.43,38,1011,5.8,0.0,couvert
Thiès,hourly,2025-11-01 16:00:00+00:00,32.92,40,1011,5.2,0.0,couvert
Thiès,hourly,2025-11-01 17:00:00+00:00,31.72,44,1011,5.28,0.0,couvert
Thiès,hourly,2025-11-01 18:00:00+00:00,29.09,56,1011,5.45,0.0,couvert
Thiès,hourly,2025-11-01 19:00:00+00:00,26.9,69,1012,4.82,0.0,couvert
Thiès,hourly,2025-11-01 20:00:00+00:00,26.27,73,1012,4.39,0.0,couvert
Thiès,hourly,2025-11-01 21:00:00+00:00,25.92,75,1013,3.16,0.0,couvert
Thiès,hourly,2025-11-01 22:00:00+00:00,25.61,76,1014,3.41,0.0,couvert
Thiès,hourly,2025-11-01 23:00:00+00:00,25.38,77,1013,3.73,0.0,couvert
Thiès,hourly,2025-11-02 00:00:00+00:00,25.18,78,1013,3.24,0.0,couvert
Thiès,hourly,2025-11-02 01:00:00+00:00,24.83,79,1013,3.24,0.0,couvert
Thiès,hourly,2025-11-02 02:00:00+00:00,24.39,82,1013,2.7,0.0,nuageux
Thiès,hourly,2025-11-02 03:00:00+00:00,24.18,83,1012,2.73,0.0,nuageux
Thiès,hourly,2025-11-02 04:00:00+00:00,24.01,84,1012,3.01,0.0,partiellement nuageux
Thiès,hourly,2025-11-02 05:00:00+00:00,23.87,84,1012,2.46,0.0,nuageux
Thiès,hourly,2025-11-02 06:00:00+00:00,23.74,84,1012,3.23,0.0,partiellement nuageux
Thiès,hourly,2025-11-02 07:00:00+00:00,23.65,84,1013,3.26,0.0,ciel dégagé
Thiès,hourly,2025-11-02 08:00:00+00:00,24.96,78,1013,3.62,0.0,ciel dégagé
Thiès,hourly,2025-11-02 09:00:00+00:00,28.22,63,1013,5.16,0.0,peu nuageux
Thiès,hourly,2025-11-02 10:00:00+00:00,30.66,48,1014,4.58,0.0,peu nuageux
Thiès,hourly,2025-11-02 11:00:00+00:00,32.92,37,1014,4.71,0.0,peu nuageux
Thiès,hourly,2025-11-02 12:00:00+00:00,34.9,29,1013,4.83,0.0,peu nuageux
Thiès,hourly,2025-11-02 13:00:00+00:00,36.19,25,1012,5.11,0.0,ciel dégagé
Thiès,hourly,2025-11-02 14:00:00+00:00,37.17,22,1011,5.39,0.0,ciel dégagé
Thiès,hourly,2025-11-02 15:00:00+00:00,36.87,23,1010,6.1,0.0,ciel dégagé
Thiès,hourly,2025-11-02 16:00:00+00:00,35.54,29,1009,5.8,0.0,ciel dégagé
Thiès,hourly,2025-11-02 17:00:00+00:00,32.8,39,1010,6.08,0.0,ciel dégagé
Thiès,hourly,2025-11-02 18:00:00+00:00,29.41,54,1010,6.36,0.0,ciel dégagé
Thiès,daily,2025-10-31 12:00:00+00:00,33.61,41,1013,6.66,0.0,peu nuageux
Thiès,daily,2025-11-01 12:00:00+00:00,33.57,35,1013,6.06,0.0,nuageux
Thiès,daily,2025-11-02 12:00:00+00:00,34.9,29,1013,6.36,0.0,peu nuageux
Thiès,daily,2025-11-03 12:00:00+00:00,37.79,10,1011,6.71,0.0,nuageux
Thiès,daily,2025-11-04 12:00:00+00:00,33.26,44,1012,5.83,0.0,ciel dégagé
Thiès,daily,2025-11-05 12:00:00+00:00,33.5,38,1014,5.33,0.0,ciel dégagé
Thiès,daily,2025-11-06 12:00:00+00:00,34.34,27,1012,5.92,0.0,peu nuageux
Thiès,daily,2025-11-07 12:00:00+00:00,36.01,14,1011,5.1,0.0,ciel dégagé
Kaolack,current,2025-10-31 19:31:12+00:00,32.97,62,1012,3.09,0.0,ciel dégagé
Kaolack,hourly,2025-10-31 19:00:00+00:00,32.48,61,1012,5.5,0.0,ciel dégagé
Kaolack,hourly,2025-10-31 20:00:00+00:00,32.97,62,1012,5.54,0.0,ciel dégagé
Kaolack,hourly,2025-10-31 21:00:00+00:00,32.08,64,1012,5.29,0.0,ciel dégagé
Kaolack,hourly,2025-10-31 22:00:00+00:00,31.15,65,1012,3.76,0.0,ciel dégagé
Kaolack,hourly,2025-10-31 23:00:00+00:00,30.07,65,1013,3.75,0.0,ciel dégagé
Kaolack,hourly,2025-11-01 00:00:00+00:00,28.74,66,1012,4.15,0.0,ciel dégagé
Kaolack,hourly,2025-11-01 01:00:00+00:00,26.9,70,1012,2.92,0.0,ciel dégagé
Kaolack,hourly,2025-11-01 02:00:00+00:00,26.41,72,1012,2.65,0.0,ciel dégagé
Kaolack,hourly,2025-11-01 03:00:00+00:00,26.07,74,1012,2.77,0.0,peu nuageux
Kaolack,hourly,2025-11-01 04:00:00+00:00,25.83,75,1012,2.76,0.0,partiellement nuageux
Kaolack,hourly,2025-11-01 05:00:00+00:00,25.64,76,1012,2.92,0.0,partiellement nuageux
Kaolack,hourly,2025-11-01 06:00:00+00:00,25.35,77,1012,2.6,0.0,nuageux
Kaolack,hourly,2025-11-01 07:00:00+00:00,25.07,78,1013,2.47,0.0,peu nuageux
Kaolack,hourly,2025-11-01 08:00:00+00:00,25.96,76,1013,2.81,0.0,peu nuageux
Kaolack,hourly,2025-11-01 09:00:00+00:00,28.32,64,1014,3.78,0.0,peu nuageux
Kaolack,hourly,2025-11-01 10:00:00+00:00,30.59,52,1014,4.22,0.0,peu nuageux
Kaolack,hourly,2025-11-01 11:00:00+00:00,32.66,42,1014,4.19,0.0,peu nuageux
Kaolack,hourly,2025-11-01 12:00:00+00:00,34.46,35,1013,4.19,0.0,peu nuageux
Kaolack,hourly,2025-11-01 13:00:00+00:00,35.76,30,1012,3.69,0.0,peu nuageux
Kaolack,hourly,2025-11-01 14:00:00+00:00,36.76,26,1010,3.48,0.0,peu nuageux
Kaolack,hourly,2025-11-01 15:00:00+00:00,37.37,22,1010,3.01,0.0,partiellement nuageux
Kaolack,hourly,2025-11-01 16:00:00+00:00,37.71,19,1009,2.59,0.0,partiellement nuageux
Kaolack,hourly,2025-11-01 17:00:00+00:00,37.81,17,1009,1.48,0.0,nuageux
Kaolack,hourly,2025-11-01 18:00:00+00:00,33.78,33,1010,3.42,0.0,nuageux
Kaolack,hourly,2025-11-01 19:00:00+00:00,29.09,59,1011,6.55,0.0,couvert
Kaolack,hourly,2025-11-01 20:00:00+00:00,28.84,62,1012,6.5,0.0,couvert
Kaolack,hourly,2025-11-01 21:00:00+00:00,28.56,62,1012,5.04,0.0,couvert
Kaolack,hourly,2025-11-01 22:00:00+00:00,27.84,64,1013,4.17,0.0,couvert
Kaolack,hourly,2025-11-01 23:00:00+00:00,27.1,69,1013,3.83,0.0,couvert
Kaolack,hourly,2025-11-02 00:00:00+00:00,26.49,71,1013,3.57,0.0,couvert
Kaolack,hourly,2025-11-02 01:00:00+00:00,25.92,74,1013,3.07,0.0,couvert
Kaolack,hourly,2025-11-02 02:00:00+00:00,25.47,77,1012,2.78,0.0,couvert
Kaolack,hourly,2025-11-02 03:00:00+00:00,25.18,78,1012,3.33,0.0,couvert
Kaolack,hourly,2025-11-02 04:00:00+00:00,24.83,80,1012,3.21,0.0,couvert
Kaolack,hourly,2025-11-02 05:00:00+00:00,24.43,81,1012,2.95,0.0,couvert
Kaolack,hourly,2025-11-02 06:00:00+00:00,24.13,82,1012,2.89,0.0,couvert
Kaolack,hourly,2025-11-02 07:00:00+00:00,23.81,84,1012,2.99,0.0,nuageux
Kaolack,hourly,2025-11-02 08:00:00+00:00,24.76,81,1013,2.6,0.0,nuageux
Kaolack,hourly,2025-11-02 09:00:00+00:00,27.37,67,1013,3.36,0.0,nuageux
Kaolack,hourly,2025-11-02 10:00:00+00:00,29.99,53,1013,4.32,0.0,nuageux
Kaolack,hourly,2025-11-02 11:00:00+00:00,32.14,42,1013,3.48,0.0,partiellement nuageux
Kaolack,hourly,2025-11-02 12:00:00+00:00,33.9,35,1012,3.2,0.0,partiellement nuageux
Kaolack,hourly,2025-11-02 13:00:00+00:00,35.46,29,1011,2.9,0.0,partiellement nuageux
Kaolack,hourly,2025-11-02 14:00:00+00:00,36.65,24,1010,2.25,0.0,partiellement nuageux
Kaolack,hourly,2025-11-02 15:00:00+00:00,37.44,21,1009,1.97,0.0,peu nuageux
Kaolack,hourly,2025-11-02 16:00:00+00:00,37.92,19,1009,2.35,0.0,peu nuageux
Kaolack,hourly,2025-11-02 17:00:00+00:00,38.28,16,1009,1.81,0.0,peu nuageux
Kaolack,hourly,2025-11-02 18:00:00+00:00,33.95,35,1010,4.33,0.0,partiellement nuageux
Kaolack,daily,2025-10-31 12:00:00+00:00,33.35,48,1013,5.54,0.0,ciel dégagé
Kaolack,daily,2025-11-01 12:00:00+00:00,34.46,35,1013,6.55,0.0,peu nuageux
Kaolack,daily,2025-11-02 12:00:00+00:00,33.9,35,1012,5.55,0.0,partiellement nuageux
Kaolack,daily,2025-11-03 12:00:00+00:00,34.91,30,1011,5.24,0.0,ciel dégagé
Kaolack,daily,2025-11-04 12:00:00+00:00,34.16,44,1012,6.21,0.0,ciel dégagé
Kaolack,daily,2025-11-05 12:00:00+00:00,33.15,45,1014,5.15,0.0,peu nuageux
Kaolack,daily,2025-11-06 12:00:00+00:00,33.66,31,1012,4.02,0.0,partiellement nuageux
Kaolack,daily,2025-11-07 12:00:00+00:00,34.31,21,1011,4.37,0.0,peu nuageux
Saint-Louis,current,2025-10-31 19:31:14+00:00,28.99,84,1012,3.09,0.0,ciel dégagé
Saint-Louis,hourly,2025-10-31 19:00:00+00:00,28.69,82,1012,5.18,0.0,ciel dégagé
Saint-Louis,hourly,2025-10-31 20:00:00+00:00,28.99,84,1012,5.54,0.0,ciel dégagé
Saint-Louis,hourly,2025-10-31 21:00:00+00:00,28.7,82,1012,4.93,0.0,ciel dégagé
Saint-Louis,hourly,2025-10-31 22:00:00+00:00,28.4,80,1012,5.03,0.0,peu nuageux
Saint-Louis,hourly,2025-10-31 23:00:00+00:00,28.01,79,1012,4.97,0.0,peu nuageux
Saint-Louis,hourly,2025-11-01 00:00:00+00:00,27.65,77,1012,4.59,0.0,peu nuageux
Saint-Louis,hourly,2025-11-01 01:00:00+00:00,27.16,76,1012,2.01,0.0,ciel dégagé
Saint-Louis,hourly,2025-11-01 02:00:00+00:00,27.24,75,1012,2.62,0.0,ciel dégagé
Saint-Louis,hourly,2025-11-01 03:00:00+00:00,27.25,76,1012,4.05,0.0,peu nuageux
Saint-Louis,hourly,2025-11-01 04:00:00+00:00,27.13,78,1011,4.57,0.0,partiellement nuageux
Saint-Louis,hourly,2025-11-01 05:00:00+00:00,27.0,78,1012,3.74,0.0,partiellement nuageux
Saint-Louis,hourly,2025-11-01 06:00:00+00:00,27.0,78,1012,3.77,0.0,peu nuageux
Saint-Louis,hourly,2025-11-01 07:00:00+00:00,27.01,78,1013,4.8,0.0,peu nuageux
Saint-Louis,hourly,2025-11-01 08:00:00+00:00,27.26,77,1013,4.97,0.0,ciel dégagé
Saint-Louis,hourly,2025-11-01 09:00:00+00:00,27.67,74,1014,4.79,0.0,peu nuageux
Saint-Louis,hourly,2025-11-01 10:00:00+00:00,28.02,69,1014,4.39,0.0,peu nuageux
Saint-Louis,hourly,2025-11-01 11:00:00+00:00,28.18,68,1014,5.4,0.0,peu nuageux
Saint-Louis,hourly,2025-11-01 12:00:00+00:00,28.28,67,1013,5.21,0.0,peu nuageux
Saint-Louis,hourly,2025-11-01 13:00:00+00:00,28.47,65,1012,5.71,0.0,ciel dégagé
Saint-Louis,hourly,2025-11-01 14:00:00+00:00,28.29,66,1012,6.97,0.0,nuageux
Saint-Louis,hourly,2025-11-01 15:00:00+00:00,27.5,71,1011,7.83,0.0,nuageux
Saint-Louis,hourly,2025-11-01 16:00:00+00:00,27.42,73,1010,7.45,0.0,nuageux
Saint-Louis,hourly,2025-11-01 17:00:00+00:00,27.7,76,1011,7.32,0.0,nuageux
Saint-Louis,hourly,2025-11-01 18:00:00+00:00,28.05,75,1011,6.26,0.0,nuageux
Saint-Louis,hourly,2025-11-01 19:00:00+00:00,27.51,79,1011,5.3,0.0,couvert
Saint-Louis,hourly,2025-11-01 20:00:00+00:00,27.41,79,1012,4.69,0.0,couvert
Saint-Louis,hourly,2025-11-01 21:00:00+00:00,27.47,78,1013,4.51,0.0,couvert
Saint-Louis,hourly,2025-11-01 22:00:00+00:00,27.38,79,1013,4.83,0.0,couvert
Saint-Louis,hourly,2025-11-01 23:00:00+00:00,27.39,80,1013,5.09,0.0,couvert
Saint-Louis,hourly,2025-11-02 00:00:00+00:00,27.34,80,1013,4.42,0.0,couvert
Saint-Louis,hourly,2025-11-02 01:00:00+00:00,27.25,79,1012,3.85,0.0,couvert
Saint-Louis,hourly,2025-11-02 02:00:00+00:00,27.11,80,1012,4.06,0.0,couvert
Saint-Louis,hourly,2025-11-02 03:00:00+00:00,27.05,80,1012,4.47,0.0,couvert
Saint-Louis,hourly,2025-11-02 04:00:00+00:00,26.92,79,1012,4.56,0.0,couvert
Saint-Louis,hourly,2025-11-02 05:00:00+00:00,26.72,78,1012,4.47,0.0,couvert
Saint-Louis,hourly,2025-11-02 06:00:00+00:00,26.62,75,1012,3.35,0.0,couvert
Saint-Louis,hourly,2025-11-02 07:00:00+00:00,26.51,73,1013,3.85,0.0,ciel dégagé
Saint-Louis,hourly,2025-11-02 08:00:00+00:00,26.83,73,1013,4.85,0.0,ciel dégagé
Saint-Louis,hourly,2025-11-02 09:00:00+00:00,27.76,66,1013,4.38,0.0,ciel dégagé
Saint-Louis,hourly,2025-11-02 10:00:00+00:00,29.09,56,1014,4.69,0.0,ciel dégagé
Saint-Louis,hourly,2025-11-02 11:00:00+00:00,30.21,51,1013,4.22,0.0,ciel dégagé
Saint-Louis,hourly,2025-11-02 12:00:00+00:00,31.88,42,1012,3.82,0.0,ciel dégagé
Saint-Louis,hourly,2025-11-02 13:00:00+00:00,31.35,49,1012,4.54,0.0,ciel dégagé
Saint-Louis,hourly,2025-11-02 14:00:00+00:00,31.09,52,1011,5.15,0.0,ciel dégagé
Saint-Louis,hourly,2025-11-02 15:00:00+00:00,31.18,51,1010,5.29,0.0,ciel dégagé
Saint-Louis,hourly,2025-11-02 16:00:00+00:00,30.95,53,1009,6.35,0.0,ciel dégagé
Saint-Louis,hourly,2025-11-02 17:00:00+00:00,30.32,55,1009,7.96,0.0,ciel dégagé
Saint-Louis,hourly,2025-11-02 18:00:00+00:00,29.13,60,1010,8.64,0.0,ciel dégagé
Saint-Louis,daily,2025-10-31 12:00:00+00:00,27.73,71,1013,5.93,0.0,peu nuageux
Saint-Louis,daily,2025-11-01 12:00:00+00:00,28.28,67,1013,7.83,0.0,peu nuageux
Saint-Louis,daily,2025-11-02 12:00:00+00:00,31.88,42,1012,8.64,0.0,ciel dégagé
Saint-Louis,daily,2025-11-03 12:00:00+00:00,34.12,29,1011,6.25,0.0,nuageux
Saint-Louis,daily,2025-11-04 12:00:00+00:00,28.87,69,1012,7.22,0.0,ciel dégagé
Saint-Louis,daily,2025-11-05 12:00:00+00:00,27.75,74,1014,6.03,0.0,ciel dégagé
Saint-Louis,daily,2025-11-06 12:00:00+00:00,29.17,52,1012,6.55,0.0,ciel dégagé
Saint-Louis,daily,2025-11-07 12:00:00+00:00,32.5,34,1011,6.21,0.0,ciel dégagé
Ziguinchor,current,2025-10-31 19:31:15+00:00,29.0,94,1012,3.09,0.0,ciel dégagé
Ziguinchor,hourly,2025-10-31 19:00:00+00:00,28.84,90,1012,2.91,0.0,peu nuageux
Ziguinchor,hourly,2025-10-31 20:00:00+00:00,29.0,94,1012,3.0,0.0,ciel dégagé
Ziguinchor,hourly,2025-10-31 21:00:00+00:00,28.52,92,1012,2.61,0.0,peu nuageux
Ziguinchor,hourly,2025-10-31 22:00:00+00:00,27.87,91,1012,2.09,0.0,partiellement nuageux
Ziguinchor,hourly,2025-10-31 23:00:00+00:00,27.25,90,1013,2.28,0.0,partiellement nuageux
Ziguinchor,hourly,2025-11-01 00:00:00+00:00,26.5,90,1013,2.47,0.0,nuageux
Ziguinchor,hourly,2025-11-01 01:00:00+00:00,25.72,90,1012,2.49,0.0,couvert
Ziguinchor,hourly,2025-11-01 02:00:00+00:00,25.48,91,1012,1.93,0.0,couvert
Ziguinchor,hourly,2025-11-01 03:00:00+00:00,25.28,92,1012,1.95,0.0,couvert
Ziguinchor,hourly,2025-11-01 04:00:00+00:00,25.2,92,1012,1.75,0.0,couvert
Ziguinchor,hourly,2025-11-01 05:00:00+00:00,25.18,92,1012,1.89,0.0,couvert
Ziguinchor,hourly,2025-11-01 06:00:00+00:00,25.15,92,1012,2.15,0.0,couvert
Ziguinchor,hourly,2025-11-01 07:00:00+00:00,25.04,92,1013,1.7,0.0,nuageux
Ziguinchor,hourly,2025-11-01 08:00:00+00:00,26.27,87,1013,2.13,0.0,nuageux
Ziguinchor,hourly,2025-11-01 09:00:00+00:00,28.22,77,1014,3.67,0.0,nuageux
Ziguinchor,hourly,2025-11-01 10:00:00+00:00,29.86,69,1014,3.26,0.0,partiellement nuageux
Ziguinchor,hourly,2025-11-01 11:00:00+00:00,31.45,62,1014,2.65,0.0,partiellement nuageux
Ziguinchor,hourly,2025-11-01 12:00:00+00:00,32.83,55,1013,2.6,0.0,partiellement nuageux
Ziguinchor,hourly,2025-11-01 13:00:00+00:00,33.9,51,1012,2.64,0.0,nuageux
Ziguinchor,hourly,2025-11-01 14:00:00+00:00,34.44,47,1011,3.01,0.0,nuageux
Ziguinchor,hourly,2025-11-01 15:00:00+00:00,34.6,45,1010,3.44,0.0,nuageux
Ziguinchor,hourly,2025-11-01 16:00:00+00:00,34.17,46,1010,3.21,0.0,nuageux
Ziguinchor,hourly,2025-11-01 17:00:00+00:00,33.0,51,1010,2.97,0.0,nuageux
Ziguinchor,hourly,2025-11-01 18:00:00+00:00,30.42,63,1011,3.27,0.17,légère pluie
Ziguinchor,hourly,2025-11-01 19:00:00+00:00,27.9,73,1012,3.23,0.71,légère pluie
Ziguinchor,hourly,2025-11-01 20:00:00+00:00,26.63,81,1013,3.78,0.0,nuageux
Ziguinchor,hourly,2025-11-01 21:00:00+00:00,26.13,83,1013,3.02,0.0,nuageux
Ziguinchor,hourly,2025-11-01 22:00:00+00:00,26.02,84,1014,2.83,0.0,nuageux
Ziguinchor,hourly,2025-11-01 23:00:00+00:00,25.73,86,1013,2.31,0.0,nuageux
Ziguinchor,hourly,2025-11-02 00:00:00+00:00,25.55,87,1013,2.25,0.0,nuageux
Ziguinchor,hourly,2025-11-02 01:00:00+00:00,25.34,88,1013,1.96,0.0,nuageux
Ziguinchor,hourly,2025-11-02 02:00:00+00:00,25.18,88,1013,1.79,0.0,nuageux
Ziguinchor,hourly,2025-11-02 03:00:00+00:00,24.99,89,1012,1.82,0.0,nuageux
Ziguinchor,hourly,2025-11-02 04:00:00+00:00,24.91,89,1012,2.03,0.0,nuageux
Ziguinchor,hourly,2025-11-02 05:00:00+00:00,24.78,89,1012,2.25,0.0,nuageux
Ziguinchor,hourly,2025-11-02 06:00:00+00:00,24.65,89,1012,2.31,0.0,nuageux
Ziguinchor,hourly,2025-11-02 07:00:00+00:00,24.48,90,1013,2.11,0.0,couvert
Ziguinchor,hourly,2025-11-02 08:00:00+00:00,25.64,86,1013,1.64,0.0,couvert
Ziguinchor,hourly,2025-11-02 09:00:00+00:00,27.53,76,1013,2.59,0.0,couvert
Ziguinchor,hourly,2025-11-02 10:00:00+00:00,29.41,66,1014,3.62,0.0,couvert
Ziguinchor,hourly,2025-11-02 11:00:00+00:00,31.15,57,1014,3.19,0.0,couvert
Ziguinchor,hourly,2025-11-02 12:00:00+00:00,32.58,50,1013,2.57,0.0,couvert
Ziguinchor,hourly,2025-11-02 13:00:00+00:00,33.65,46,1012,2.28,0.0,couvert
Ziguinchor,hourly,2025-11-02 14:00:00+00:00,34.46,43,1011,1.89,0.0,couvert
Ziguinchor,hourly,2025-11-02 15:00:00+00:00,34.54,42,1010,2.34,0.0,couvert
Ziguinchor,hourly,2025-11-02 16:00:00+00:00,34.07,43,1010,3.02,0.0,couvert
Ziguinchor,hourly,2025-11-02 17:00:00+00:00,32.46,52,1010,4.13,0.0,couvert
Ziguinchor,hourly,2025-11-02 18:00:00+00:00,29.22,67,1011,4.54,0.0,couvert
Ziguinchor,daily,2025-10-31 12:00:00+00:00,33.99,50,1013,3.0,0.79,légère pluie
Ziguinchor,daily,2025-11-01 12:00:00+00:00,32.83,55,1013,3.78,0.88,légère pluie
Ziguinchor,daily,2025-11-02 12:00:00+00:00,32.58,50,1013,4.54,0.0,couvert
Ziguinchor,daily,2025-11-03 12:00:00+00:00,33.88,48,1011,3.81,0.0,ciel dégagé
Ziguinchor,daily,2025-11-04 12:00:00+00:00,32.71,54,1013,4.77,2.36,légère pluie
Ziguinchor,daily,2025-11-05 12:00:00+00:00,32.41,55,1014,3.91,1.06,légère pluie
Ziguinchor,daily,2025-11-06 12:00:00+00:00,32.6,49,1012,2.8,0.0,nuageux
Ziguinchor,daily,2025-11-07 12:00:00+00:00,33.2,47,1012,3.82,0.0,nuageux
Tambacounda,current,2025-10-31 19:31:17+00:00,32.12,66,1011,2.06,0.0,ciel dégagé
Tambacounda,hourly,2025-10-31 19:00:00+00:00,32.32,58,1011,0.64,0.0,ciel dégagé
Tambacounda,hourly,2025-10-31 20:00:00+00:00,32.12,66,1011,2.07,0.0,ciel dégagé
Tambacounda,hourly,2025-10-31 21:00:00+00:00,32.02,59,1011,2.42,0.0,ciel dégagé
Tambacounda,hourly,2025-10-31 22:00:00+00:00,31.56,53,1011,3.01,0.0,ciel dégagé
Tambacounda,hourly,2025-10-31 23:00:00+00:00,30.57,51,1012,2.78,0.0,ciel dégagé
Tambacounda,hourly,2025-11-01 00:00:00+00:00,29.46,50,1012,2.04,0.0,partiellement nuageux
Tambacounda,hourly,2025-11-01 01:00:00+00:00,28.55,48,1011,1.88,0.0,couvert
Tambacounda,hourly,2025-11-01 02:00:00+00:00,28.22,49,1011,2.63,0.0,couvert
Tambacounda,hourly,2025-11-01 03:00:00+00:00,27.76,50,1011,3.44,0.0,couvert
Tambacounda,hourly,2025-11-01 04:00:00+00:00,27.4,54,1011,2.92,0.0,couvert
Tambacounda,hourly,2025-11-01 05:00:00+00:00,27.02,58,1011,3.21,0.0,couvert
Tambacounda,hourly,2025-11-01 06:00:00+00:00,26.34,64,1011,3.1,0.0,couvert
Tambacounda,hourly,2025-11-01 07:00:00+00:00,25.44,72,1012,2.51,0.0,couvert
Tambacounda,hourly,2025-11-01 08:00:00+00:00,26.57,72,1013,2.8,0.0,couvert
Tambacounda,hourly,2025-11-01 09:00:00+00:00,29.41,57,1013,4.31,0.0,nuageux
Tambacounda,hourly,2025-11-01 10:00:00+00:00,32.23,43,1013,3.5,0.0,nuageux
Tambacounda,hourly,2025-11-01 11:00:00+00:00,34.69,33,1013,2.66,0.0,nuageux
Tambacounda,hourly,2025-11-01 12:00:00+00:00,36.92,24,1012,1.93,0.0,nuageux
Tambacounda,hourly,2025-11-01 13:00:00+00:00,38.79,19,1010,1.0,0.0,peu nuageux
Tambacounda,hourly,2025-11-01 14:00:00+00:00,39.69,16,1009,1.25,0.0,peu nuageux
Tambacounda,hourly,2025-11-01 15:00:00+00:00,39.63,16,1008,2.28,0.0,ciel dégagé
Tambacounda,hourly,2025-11-01 16:00:00+00:00,39.1,17,1008,2.62,0.0,ciel dégagé
Tambacounda,hourly,2025-11-01 17:00:00+00:00,38.3,19,1008,2.77,0.0,peu nuageux
Tambacounda,hourly,2025-11-01 18:00:00+00:00,35.55,25,1009,2.48,0.0,peu nuageux
Tambacounda,hourly,2025-11-01 19:00:00+00:00,33.54,27,1010,2.78,0.0,nuageux
Tambacounda,hourly,2025-11-01 20:00:00+00:00,32.2,32,1011,2.95,0.0,nuageux
Tambacounda,hourly,2025-11-01 21:00:00+00:00,31.08,37,1012,2.84,0.0,nuageux
Tambacounda,hourly,2025-11-01 22:00:00+00:00,30.46,39,1012,3.13,0.0,nuageux
Tambacounda,hourly,2025-11-01 23:00:00+00:00,29.56,43,1012,2.68,0.0,nuageux
Tambacounda,hourly,2025-11-02 00:00:00+00:00,28.83,46,1012,3.28,0.0,nuageux
Tambacounda,hourly,2025-11-02 01:00:00+00:00,28.17,52,1012,4.42,0.0,partiellement nuageux
Tambacounda,hourly,2025-11-02 02:00:00+00:00,27.4,58,1011,4.37,0.0,partiellement nuageux
Tambacounda,hourly,2025-11-02 03:00:00+00:00,26.71,62,1011,3.57,0.0,nuageux
Tambacounda,hourly,2025-11-02 04:00:00+00:00,26.04,68,1011,3.47,0.0,nuageux
Tambacounda,hourly,2025-11-02 05:00:00+00:00,25.58,72,1011,2.8,0.0,nuageux
Tambacounda,hourly,2025-11-02 06:00:00+00:00,25.01,76,1012,2.29,0.0,nuageux
Tambacounda,hourly,2025-11-02 07:00:00+00:00,24.59,79,1012,2.1,0.0,partiellement nuageux
Tambacounda,hourly,2025-11-02 08:00:00+00:00,26.12,72,1013,2.45,0.0,nuageux
Tambacounda,hourly,2025-11-02 09:00:00+00:00,28.68,58,1013,2.75,0.0,nuageux
Tambacounda,hourly,2025-11-02 10:00:00+00:00,31.13,48,1014,2.38,0.0,nuageux
Tambacounda,hourly,2025-11-02 11:00:00+00:00,33.41,39,1013,2.39,0.0,nuageux
Tambacounda,hourly,2025-11-02 12:00:00+00:00,35.44,33,1012,1.98,0.0,nuageux
Tambacounda,hourly,2025-11-02 13:00:00+00:00,37.53,28,1011,0.92,0.0,nuageux
Tambacounda,hourly,2025-11-02 14:00:00+00:00,38.37,25,1010,1.06,0.0,couvert
Tambacounda,hourly,2025-11-02 15:00:00+00:00,38.54,22,1009,2.35,0.0,couvert
Tambacounda,hourly,2025-11-02 16:00:00+00:00,38.37,21,1009,2.04,0.0,couvert
Tambacounda,hourly,2025-11-02 17:00:00+00:00,37.96,20,1009,1.27,0.0,couvert
Tambacounda,hourly,2025-11-02 18:00:00+00:00,35.51,26,1009,1.53,0.0,couvert
Tambacounda,daily,2025-10-31 12:00:00+00:00,35.73,37,1012,3.13,0.0,peu nuageux
Tambacounda,daily,2025-11-01 12:00:00+00:00,36.92,24,1012,4.31,0.0,nuageux
Tambacounda,daily,2025-11-02 12:00:00+00:00,35.44,33,1012,4.42,0.0,nuageux
Tambacounda,daily,2025-11-03 12:00:00+00:00,36.74,26,1011,4.72,0.0,partiellement nuageux
Tambacounda,daily,2025-11-04 12:00:00+00:00,34.33,43,1012,4.02,0.0,ciel dégagé
Tambacounda,daily,2025-11-05 12:00:00+00:00,34.98,37,1013,3.42,0.0,peu nuageux
Tambacounda,daily,2025-11-06 12:00:00+00:00,36.17,20,1011,3.38,0.0,couvert
Tambacounda,daily,2025-11-07 12:00:00+00:00,36.0,27,1011,2.72,0.0,ciel dégagé
Louga,current,2025-10-31 19:31:19+00:00,26.22,75,1012,4.28,0.0,ciel dégagé
Louga,hourly,2025-10-31 19:00:00+00:00,26.38,73,1012,5.07,0.0,ciel dégagé
Louga,hourly,2025-10-31 20:00:00+00:00,26.22,75,1012,4.28,0.0,ciel dégagé
Louga,hourly,2025-10-31 21:00:00+00:00,26.2,75,1012,4.36,0.0,ciel dégagé
Louga,hourly,2025-10-31 22:00:00+00:00,26.17,73,1012,3.39,0.0,ciel dégagé
Louga,hourly,2025-10-31 23:00:00+00:00,25.95,72,1013,2.08,0.0,peu nuageux
Louga,hourly,2025-11-01 00:00:00+00:00,25.75,71,1013,2.84,0.0,peu nuageux
Louga,hourly,2025-11-01 01:00:00+00:00,25.53,72,1012,3.91,0.0,ciel dégagé
Louga,hourly,2025-11-01 02:00:00+00:00,25.05,77,1012,3.96,0.0,ciel dégagé
Louga,hourly,2025-11-01 03:00:00+00:00,24.61,81,1012,3.57,0.0,ciel dégagé
Louga,hourly,2025-11-01 04:00:00+00:00,24.47,81,1012,3.66,0.0,peu nuageux
Louga,hourly,2025-11-01 05:00:00+00:00,24.23,81,1012,3.23,0.0,partiellement nuageux
Louga,hourly,2025-11-01 06:00:00+00:00,24.01,82,1012,3.6,0.0,partiellement nuageux
Louga,hourly,2025-11-01 07:00:00+00:00,23.74,84,1013,3.19,0.0,partiellement nuageux
Louga,hourly,2025-11-01 08:00:00+00:00,25.0,80,1013,2.96,0.0,nuageux
Louga,hourly,2025-11-01 09:00:00+00:00,28.11,61,1014,4.4,0.0,partiellement nuageux
Louga,hourly,2025-11-01 10:00:00+00:00,30.73,46,1014,4.43,0.0,partiellement nuageux
Louga,hourly,2025-11-01 11:00:00+00:00,33.11,35,1014,3.87,0.0,partiellement nuageux
Louga,hourly,2025-11-01 12:00:00+00:00,35.36,26,1013,3.54,0.0,partiellement nuageux
Louga,hourly,2025-11-01 13:00:00+00:00,37.27,19,1011,3.13,0.0,peu nuageux
Louga,hourly,2025-11-01 14:00:00+00:00,38.64,13,1010,2.85,0.0,partiellement nuageux
Louga,hourly,2025-11-01 15:00:00+00:00,39.12,11,1009,2.37,0.0,partiellement nuageux
Louga,hourly,2025-11-01 16:00:00+00:00,37.27,20,1009,3.94,0.0,nuageux
Louga,hourly,2025-11-01 17:00:00+00:00,32.53,41,1010,7.24,0.0,nuageux
Louga,hourly,2025-11-01 18:00:00+00:00,28.11,62,1011,7.16,0.0,nuageux
Louga,hourly,2025-11-01 19:00:00+00:00,27.23,67,1011,5.13,0.0,couvert
Louga,hourly,2025-11-01 20:00:00+00:00,26.29,75,1012,4.9,0.0,couvert
Louga,hourly,2025-11-01 21:00:00+00:00,25.88,76,1013,4.26,0.0,couvert
Louga,hourly,2025-11-01 22:00:00+00:00,25.68,77,1013,3.79,0.0,couvert
Louga,hourly,2025-11-01 23:00:00+00:00,25.63,75,1013,3.95,0.0,couvert
Louga,hourly,2025-11-02 00:00:00+00:00,25.23,80,1013,4.41,0.0,couvert
Louga,hourly,2025-11-02 01:00:00+00:00,24.92,83,1012,4.2,0.0,couvert
Louga,hourly,2025-11-02 02:00:00+00:00,24.66,82,1012,3.87,0.0,couvert
Louga,hourly,2025-11-02 03:00:00+00:00,24.26,81,1012,3.37,0.0,couvert
Louga,hourly,2025-11-02 04:00:00+00:00,23.74,83,1012,2.75,0.0,couvert
Louga,hourly,2025-11-02 05:00:00+00:00,23.68,81,1012,3.24,0.0,couvert
Louga,hourly,2025-11-02 06:00:00+00:00,23.78,77,1012,3.54,0.0,couvert
Louga,hourly,2025-11-02 07:00:00+00:00,23.5,71,1012,3.31,0.0,nuageux
Louga,hourly,2025-11-02 08:00:00+00:00,24.88,59,1013,3.48,0.0,nuageux
Louga,hourly,2025-11-02 09:00:00+00:00,28.56,36,1013,4.21,0.0,nuageux
Louga,hourly,2025-11-02 10:00:00+00:00,32.42,19,1013,4.22,0.0,partiellement nuageux
Louga,hourly,2025-11-02 11:00:00+00:00,35.82,11,1013,4.55,0.0,partiellement nuageux
Louga,hourly,2025-11-02 12:00:00+00:00,38.25,8,1012,5.53,0.0,partiellement nuageux
Louga,hourly,2025-11-02 13:00:00+00:00,39.83,7,1011,6.42,0.0,ciel dégagé
Louga,hourly,2025-11-02 14:00:00+00:00,40.78,6,1010,6.64,0.0,ciel dégagé
Louga,hourly,2025-11-02 15:00:00+00:00,41.11,6,1009,6.99,0.0,ciel dégagé
Louga,hourly,2025-11-02 16:00:00+00:00,40.91,6,1008,7.19,0.0,ciel dégagé
Louga,hourly,2025-11-02 17:00:00+00:00,40.5,6,1009,5.13,0.0,ciel dégagé
Louga,hourly,2025-11-02 18:00:00+00:00,35.51,16,1009,2.7,0.0,ciel dégagé
Louga,daily,2025-10-31 12:00:00+00:00,33.48,41,1013,7.77,0.0,ciel dégagé
Louga,daily,2025-11-01 12:00:00+00:00,35.36,26,1013,7.24,0.0,partiellement nuageux
Louga,daily,2025-11-02 12:00:00+00:00,38.25,8,1012,7.19,0.0,partiellement nuageux
Louga,daily,2025-11-03 12:00:00+00:00,38.31,9,1011,6.1,0.0,partiellement nuageux
Louga,daily,2025-11-04 12:00:00+00:00,34.87,31,1012,7.43,0.0,ciel dégagé
Louga,daily,2025-11-05 12:00:00+00:00,34.07,35,1013,6.77,0.0,ciel dégagé
Louga,daily,2025-11-06 12:00:00+00:00,35.95,14,1011,5.49,0.0,peu nuageux
Louga,daily,2025-11-07 12:00:00+00:00,37.55,9,1011,5.22,0.0,ciel dégagé
Fatick,current,2025-10-31 19:31:21+00:00,30.4,58,1012,5.76,0.0,ciel dégagé
Fatick,hourly,2025-10-31 19:00:00+00:00,30.49,57,1012,6.95,0.0,ciel dégagé
Fatick,hourly,2025-10-31 20:00:00+00:00,30.4,58,1012,5.76,0.0,ciel dégagé
Fatick,hourly,2025-10-31 21:00:00+00:00,30.36,57,1012,4.38,0.0,ciel dégagé
Fatick,hourly,2025-10-31 22:00:00+00:00,30.0,59,1012,4.54,0.0,ciel dégagé
Fatick,hourly,2025-10-31 23:00:00+00:00,29.27,62,1013,4.72,0.0,peu nuageux
Fatick,hourly,2025-11-01 00:00:00+00:00,28.4,66,1013,4.2,0.0,peu nuageux
Fatick,hourly,2025-11-01 01:00:00+00:00,27.45,69,1012,4.68,0.0,ciel dégagé
Fatick,hourly,2025-11-01 02:00:00+00:00,27.11,71,1012,4.35,0.0,partiellement nuageux
Fatick,hourly,2025-11-01 03:00:00+00:00,26.93,71,1012,2.74,0.0,partiellement nuageux
Fatick,hourly,2025-11-01 04:00:00+00:00,26.69,72,1012,3.02,0.0,nuageux
Fatick,hourly,2025-11-01 05:00:00+00:00,26.35,73,1012,3.08,0.0,nuageux
Fatick,hourly,2025-11-01 06:00:00+00:00,26.09,75,1012,2.99,0.0,partiellement nuageux
Fatick,hourly,2025-11-01 07:00:00+00:00,25.76,76,1013,2.88,0.0,peu nuageux
Fatick,hourly,2025-11-01 08:00:00+00:00,26.49,73,1013,2.79,0.0,partiellement nuageux
Fatick,hourly,2025-11-01 09:00:00+00:00,28.51,62,1014,4.01,0.0,partiellement nuageux
Fatick,hourly,2025-11-01 10:00:00+00:00,30.8,50,1014,4.44,0.0,partiellement nuageux
Fatick,hourly,2025-11-01 11:00:00+00:00,32.84,40,1014,4.69,0.0,partiellement nuageux
Fatick,hourly,2025-11-01 12:00:00+00:00,34.48,34,1013,4.63,0.0,partiellement nuageux
Fatick,hourly,2025-11-01 13:00:00+00:00,35.86,29,1012,4.41,0.0,ciel dégagé
Fatick,hourly,2025-11-01 14:00:00+00:00,37.05,23,1011,4.21,0.0,peu nuageux
Fatick,hourly,2025-11-01 15:00:00+00:00,37.78,19,1010,3.36,0.0,partiellement nuageux
Fatick,hourly,2025-11-01 16:00:00+00:00,38.2,16,1009,1.87,0.0,nuageux
Fatick,hourly,2025-11-01 17:00:00+00:00,37.94,18,1009,1.95,0.0,nuageux
Fatick,hourly,2025-11-01 18:00:00+00:00,34.12,35,1010,5.87,0.0,nuageux
Fatick,hourly,2025-11-01 19:00:00+00:00,31.61,46,1011,5.91,0.0,couvert
Fatick,hourly,2025-11-01 20:00:00+00:00,31.27,46,1012,4.65,0.0,couvert
Fatick,hourly,2025-11-01 21:00:00+00:00,29.78,53,1013,5.11,0.0,couvert
Fatick,hourly,2025-11-01 22:00:00+00:00,28.43,61,1013,5.01,0.0,couvert
Fatick,hourly,2025-11-01 23:00:00+00:00,27.64,66,1013,4.51,0.0,couvert
Fatick,hourly,2025-11-02 00:00:00+00:00,27.19,69,1013,4.28,0.0,couvert
Fatick,hourly,2025-11-02 01:00:00+00:00,26.88,71,1013,4.15,0.0,couvert
Fatick,hourly,2025-11-02 02:00:00+00:00,26.43,73,1012,3.61,0.0,couvert
Fatick,hourly,2025-11-02 03:00:00+00:00,26.06,75,1012,2.94,0.0,couvert
Fatick,hourly,2025-11-02 04:00:00+00:00,25.66,76,1012,3.58,0.0,couvert
Fatick,hourly,2025-11-02 05:00:00+00:00,25.2,78,1012,3.48,0.0,couvert
Fatick,hourly,2025-11-02 06:00:00+00:00,24.97,79,1012,2.97,0.0,nuageux
Fatick,hourly,2025-11-02 07:00:00+00:00,24.71,80,1012,3.26,0.0,partiellement nuageux
Fatick,hourly,2025-11-02 08:00:00+00:00,25.45,77,1013,2.87,0.0,nuageux
Fatick,hourly,2025-11-02 09:00:00+00:00,27.56,65,1013,4.13,0.0,partiellement nuageux
Fatick,hourly,2025-11-02 10:00:00+00:00,29.87,53,1014,4.56,0.0,partiellement nuageux
Fatick,hourly,2025-11-02 11:00:00+00:00,32.22,41,1013,3.88,0.0,partiellement nuageux
Fatick,hourly,2025-11-02 12:00:00+00:00,34.3,32,1012,3.08,0.0,peu nuageux
Fatick,hourly,2025-11-02 13:00:00+00:00,36.13,25,1011,3.15,0.0,nuageux
Fatick,hourly,2025-11-02 14:00:00+00:00,37.62,20,1010,3.3,0.0,partiellement nuageux
Fatick,hourly,2025-11-02 15:00:00+00:00,38.64,15,1009,3.11,0.0,nuageux
Fatick,hourly,2025-11-02 16:00:00+00:00,39.39,12,1009,2.18,0.0,partiellement nuageux
Fatick,hourly,2025-11-02 17:00:00+00:00,37.28,23,1009,3.2,0.0,partiellement nuageux
Fatick,hourly,2025-11-02 18:00:00+00:00,32.88,43,1010,6.16,0.0,partiellement nuageux
Fatick,daily,2025-10-31 12:00:00+00:00,33.4,44,1013,6.95,0.0,ciel dégagé
Fatick,daily,2025-11-01 12:00:00+00:00,34.48,34,1013,5.91,0.0,partiellement nuageux
Fatick,daily,2025-11-02 12:00:00+00:00,34.3,32,1012,6.89,0.0,peu nuageux
Fatick,daily,2025-11-03 12:00:00+00:00,35.63,25,1011,7.64,0.0,ciel dégagé
Fatick,daily,2025-11-04 12:00:00+00:00,33.4,46,1012,6.71,0.0,ciel dégagé
Fatick,daily,2025-11-05 12:00:00+00:00,33.28,43,1013,7.3,0.0,partiellement nuageux
Fatick,daily,2025-11-06 12:00:00+00:00,33.76,29,1012,5.29,0.0,peu nuageux
Fatick,daily,2025-11-07 12:00:00+00:00,34.45,19,1011,7.02,0.0,ciel dégagé
Kolda,current,2025-10-31 19:31:22+00:00,30.14,89,1011,0.0,0.0,peu nuageux
Kolda,hourly,2025-10-31 19:00:00+00:00,30.12,81,1011,1.17,0.0,peu nuageux
Kolda,hourly,2025-10-31 20:00:00+00:00,30.14,89,1011,1.41,0.0,peu nuageux
Kolda,hourly,2025-10-31 21:00:00+00:00,29.84,82,1011,1.59,0.0,peu nuageux
Kolda,hourly,2025-10-31 22:00:00+00:00,29.23,77,1012,2.11,0.0,peu nuageux
Kolda,hourly,2025-10-31 23:00:00+00:00,28.11,77,1012,2.45,0.0,partiellement nuageux
Kolda,hourly,2025-11-01 00:00:00+00:00,27.0,81,1012,2.54,0.0,partiellement nuageux
Kolda,hourly,2025-11-01 01:00:00+00:00,25.81,85,1012,2.25,0.0,couvert
Kolda,hourly,2025-11-01 02:00:00+00:00,25.21,89,1012,1.93,0.0,couvert
Kolda,hourly,2025-11-01 03:00:00+00:00,24.76,92,1012,1.92,0.0,couvert
Kolda,hourly,2025-11-01 04:00:00+00:00,24.56,93,1012,2.11,0.0,nuageux
Kolda,hourly,2025-11-01 05:00:00+00:00,24.55,94,1012,2.36,0.0,nuageux
Kolda,hourly,2025-11-01 06:00:00+00:00,24.33,95,1012,2.09,0.0,nuageux
Kolda,hourly,2025-11-01 07:00:00+00:00,24.03,97,1012,1.87,0.0,nuageux
Kolda,hourly,2025-11-01 08:00:00+00:00,25.78,89,1013,2.37,0.0,partiellement nuageux
Kolda,hourly,2025-11-01 09:00:00+00:00,28.31,76,1013,2.65,0.0,partiellement nuageux
Kolda,hourly,2025-11-01 10:00:00+00:00,30.71,63,1014,2.01,0.0,partiellement nuageux
Kolda,hourly,2025-11-01 11:00:00+00:00,32.74,54,1014,1.83,0.0,partiellement nuageux
Kolda,hourly,2025-11-01 12:00:00+00:00,34.33,47,1013,1.78,0.0,partiellement nuageux
Kolda,hourly,2025-11-01 13:00:00+00:00,35.58,42,1011,1.74,0.0,ciel dégagé
Kolda,hourly,2025-11-01 14:00:00+00:00,36.55,36,1010,1.6,0.0,peu nuageux
Kolda,hourly,2025-11-01 15:00:00+00:00,36.8,33,1010,1.6,0.0,peu nuageux
Kolda,hourly,2025-11-01 16:00:00+00:00,36.43,32,1009,1.79,0.0,peu nuageux
Kolda,hourly,2025-11-01 17:00:00+00:00,35.62,36,1010,1.63,0.0,peu nuageux
Kolda,hourly,2025-11-01 18:00:00+00:00,32.06,47,1010,1.65,0.0,peu nuageux
Kolda,hourly,2025-11-01 19:00:00+00:00,29.99,48,1011,1.6,0.0,partiellement nuageux
Kolda,hourly,2025-11-01 20:00:00+00:00,28.85,54,1012,2.38,0.0,peu nuageux
Kolda,hourly,2025-11-01 21:00:00+00:00,27.69,65,1013,3.1,0.0,peu nuageux
Kolda,hourly,2025-11-01 22:00:00+00:00,26.68,75,1013,2.61,0.0,peu nuageux
Kolda,hourly,2025-11-01 23:00:00+00:00,25.87,81,1013,2.07,0.0,peu nuageux
Kolda,hourly,2025-11-02 00:00:00+00:00,25.22,86,1013,1.95,0.0,peu nuageux
Kolda,hourly,2025-11-02 01:00:00+00:00,24.74,88,1013,1.79,0.0,ciel dégagé
Kolda,hourly,2025-11-02 02:00:00+00:00,24.43,90,1013,1.91,0.0,ciel dégagé
Kolda,hourly,2025-11-02 03:00:00+00:00,24.18,90,1012,2.12,0.0,peu nuageux
Kolda,hourly,2025-11-02 04:00:00+00:00,23.96,91,1012,2.22,0.0,peu nuageux
Kolda,hourly,2025-11-02 05:00:00+00:00,23.58,92,1012,1.9,0.0,peu nuageux
Kolda,hourly,2025-11-02 06:00:00+00:00,23.34,93,1012,1.87,0.0,peu nuageux
Kolda,hourly,2025-11-02 07:00:00+00:00,23.19,94,1012,1.96,0.0,partiellement nuageux
Kolda,hourly,2025-11-02 08:00:00+00:00,24.95,86,1013,1.92,0.0,nuageux
Kolda,hourly,2025-11-02 09:00:00+00:00,27.49,73,1013,2.32,0.0,nuageux
Kolda,hourly,2025-11-02 10:00:00+00:00,29.93,61,1014,1.74,0.0,nuageux
Kolda,hourly,2025-11-02 11:00:00+00:00,32.28,51,1014,1.47,0.0,couvert
Kolda,hourly,2025-11-02 12:00:00+00:00,33.98,44,1013,1.43,0.0,couvert
Kolda,hourly,2025-11-02 13:00:00+00:00,34.99,40,1012,1.57,0.0,couvert
Kolda,hourly,2025-11-02 14:00:00+00:00,35.47,38,1010,1.71,0.0,couvert
Kolda,hourly,2025-11-02 15:00:00+00:00,35.51,37,1010,1.79,0.0,couvert
Kolda,hourly,2025-11-02 16:00:00+00:00,35.28,37,1009,1.67,0.0,couvert
Kolda,hourly,2025-11-02 17:00:00+00:00,34.52,42,1010,1.69,0.0,couvert
Kolda,hourly,2025-11-02 18:00:00+00:00,31.35,53,1010,1.92,0.0,couvert
Kolda,daily,2025-10-31 12:00:00+00:00,34.82,47,1013,2.45,0.0,ciel dégagé
Kolda,daily,2025-11-01 12:00:00+00:00,34.33,47,1013,3.1,0.0,partiellement nuageux
Kolda,daily,2025-11-02 12:00:00+00:00,33.98,44,1013,2.68,0.0,couvert
Kolda,daily,2025-11-03 12:00:00+00:00,35.17,43,1011,3.49,0.0,ciel dégagé
Kolda,daily,2025-11-04 12:00:00+00:00,33.15,52,1013,3.14,0.14,légère pluie
Kolda,daily,2025-11-05 12:00:00+00:00,33.18,52,1014,2.35,0.58,légère pluie
Kolda,daily,2025-11-06 12:00:00+00:00,34.02,39,1011,2.54,0.0,nuageux
Kolda,daily,2025-11-07 12:00:00+00:00,33.48,42,1011,2.96,0.0,nuageux
Kaffrine,current,2025-10-31 19:31:24+00:00,30.94,43,1011,3.64,0.0,ciel dégagé
Kaffrine,hourly,2025-10-31 19:00:00+00:00,31.24,41,1011,2.97,0.0,ciel dégagé
Kaffrine,hourly,2025-10-31 20:00:00+00:00,30.94,43,1011,3.64,0.0,ciel dégagé
Kaffrine,hourly,2025-10-31 21:00:00+00:00,30.47,47,1011,4.32,0.0,ciel dégagé
Kaffrine,hourly,2025-10-31 22:00:00+00:00,29.6,55,1012,4.47,0.0,ciel dégagé
Kaffrine,hourly,2025-10-31 23:00:00+00:00,28.8,61,1012,3.96,0.0,ciel dégagé
Kaffrine,hourly,2025-11-01 00:00:00+00:00,27.96,67,1012,3.16,0.0,ciel dégagé
Kaffrine,hourly,2025-11-01 01:00:00+00:00,26.77,71,1012,2.74,0.0,ciel dégagé
Kaffrine,hourly,2025-11-01 02:00:00+00:00,26.29,72,1012,2.65,0.0,ciel dégagé
Kaffrine,hourly,2025-11-01 03:00:00+00:00,25.99,73,1012,2.89,0.0,peu nuageux
Kaffrine,hourly,2025-11-01 04:00:00+00:00,25.62,74,1012,3.35,0.0,partiellement nuageux
Kaffrine,hourly,2025-11-01 05:00:00+00:00,25.35,76,1011,2.9,0.0,nuageux
Kaffrine,hourly,2025-11-01 06:00:00+00:00,25.26,76,1012,2.73,0.0,nuageux
Kaffrine,hourly,2025-11-01 07:00:00+00:00,24.93,78,1012,2.85,0.0,couvert
Kaffrine,hourly,2025-11-01 08:00:00+00:00,25.79,75,1013,3.06,0.0,couvert
Kaffrine,hourly,2025-11-01 09:00:00+00:00,28.26,62,1014,4.31,0.0,couvert
Kaffrine,hourly,2025-11-01 10:00:00+00:00,30.63,51,1014,4.04,0.0,nuageux
Kaffrine,hourly,2025-11-01 11:00:00+00:00,32.78,42,1013,4.44,0.0,nuageux
Kaffrine,hourly,2025-11-01 12:00:00+00:00,34.58,35,1012,4.35,0.0,partiellement nuageux
Kaffrine,hourly,2025-11-01 13:00:00+00:00,36.1,28,1011,3.73,0.0,ciel dégagé
Kaffrine,hourly,2025-11-01 14:00:00+00:00,37.06,23,1010,2.74,0.0,peu nuageux
Kaffrine,hourly,2025-11-01 15:00:00+00:00,37.66,20,1009,2.0,0.0,partiellement nuageux
Kaffrine,hourly,2025-11-01 16:00:00+00:00,37.87,18,1009,1.7,0.0,nuageux
Kaffrine,hourly,2025-11-01 17:00:00+00:00,37.72,18,1009,1.0,0.0,nuageux
Kaffrine,hourly,2025-11-01 18:00:00+00:00,34.83,24,1010,1.34,0.0,nuageux
Kaffrine,hourly,2025-11-01 19:00:00+00:00,32.45,25,1010,3.28,0.0,peu nuageux
Kaffrine,hourly,2025-11-01 20:00:00+00:00,28.52,58,1011,6.28,0.0,peu nuageux
Kaffrine,hourly,2025-11-01 21:00:00+00:00,27.65,68,1012,5.67,0.0,partiellement nuageux
Kaffrine,hourly,2025-11-01 22:00:00+00:00,27.26,68,1013,5.06,0.0,nuageux
Kaffrine,hourly,2025-11-01 23:00:00+00:00,26.8,70,1013,4.45,0.0,nuageux
Kaffrine,hourly,2025-11-02 00:00:00+00:00,26.2,71,1013,3.86,0.0,nuageux
Kaffrine,hourly,2025-11-02 01:00:00+00:00,25.56,74,1013,3.14,0.0,couvert
Kaffrine,hourly,2025-11-02 02:00:00+00:00,25.18,75,1012,3.7,0.0,couvert
Kaffrine,hourly,2025-11-02 03:00:00+00:00,24.76,76,1012,3.38,0.0,couvert
Kaffrine,hourly,2025-11-02 04:00:00+00:00,24.39,78,1012,3.19,0.0,couvert
Kaffrine,hourly,2025-11-02 05:00:00+00:00,24.12,80,1012,3.03,0.0,couvert
Kaffrine,hourly,2025-11-02 06:00:00+00:00,23.89,81,1012,3.26,0.0,couvert
Kaffrine,hourly,2025-11-02 07:00:00+00:00,23.58,83,1012,2.92,0.0,couvert
Kaffrine,hourly,2025-11-02 08:00:00+00:00,24.61,79,1013,2.84,0.0,couvert
Kaffrine,hourly,2025-11-02 09:00:00+00:00,27.34,65,1013,3.8,0.0,couvert
Kaffrine,hourly,2025-11-02 10:00:00+00:00,30.16,50,1013,3.14,0.0,couvert
Kaffrine,hourly,2025-11-02 11:00:00+00:00,32.67,38,1013,3.57,0.0,couvert
Kaffrine,hourly,2025-11-02 12:00:00+00:00,34.51,31,1012,3.1,0.0,couvert
Kaffrine,hourly,2025-11-02 13:00:00+00:00,36.01,26,1011,2.37,0.0,partiellement nuageux
Kaffrine,hourly,2025-11-02 14:00:00+00:00,37.43,22,1010,1.14,0.0,partiellement nuageux
Kaffrine,hourly,2025-11-02 15:00:00+00:00,37.99,20,1009,0.91,0.0,partiellement nuageux
Kaffrine,hourly,2025-11-02 16:00:00+00:00,38.09,19,1009,1.2,0.0,peu nuageux
Kaffrine,hourly,2025-11-02 17:00:00+00:00,37.75,19,1009,1.75,0.0,peu nuageux
Kaffrine,hourly,2025-11-02 18:00:00+00:00,34.71,27,1010,2.58,0.0,peu nuageux
Kaffrine,daily,2025-10-31 12:00:00+00:00,33.67,46,1013,4.47,0.0,ciel dégagé
Kaffrine,daily,2025-11-01 12:00:00+00:00,34.58,35,1012,6.28,0.0,partiellement nuageux
Kaffrine,daily,2025-11-02 12:00:00+00:00,34.51,31,1012,4.67,0.0,couvert
Kaffrine,daily,2025-11-03 12:00:00+00:00,35.53,27,1011,4.21,0.0,ciel dégagé
Kaffrine,daily,2025-11-04 12:00:00+00:00,33.83,47,1012,5.9,0.0,ciel dégagé
Kaffrine,daily,2025-11-05 12:00:00+00:00,33.32,44,1014,6.04,0.0,partiellement nuageux
Kaffrine,daily,2025-11-06 12:00:00+00:00,34.01,29,1011,4.69,0.0,nuageux
Kaffrine,daily,2025-11-07 12:00:00+00:00,34.57,18,1011,4.58,0.0,ciel dégagé
Matam,current,2025-10-31 19:31:26+00:00,34.05,52,1011,0.0,0.0,ciel dégagé
Matam,hourly,2025-10-31 19:00:00+00:00,34.32,43,1011,3.41,0.0,ciel dégagé
Matam,hourly,2025-10-31 20:00:00+00:00,34.05,52,1011,3.4,0.0,ciel dégagé
Matam,hourly,2025-10-31 21:00:00+00:00,33.97,43,1011,2.31,0.0,ciel dégagé
Matam,hourly,2025-10-31 22:00:00+00:00,33.57,35,1011,2.11,0.0,ciel dégagé
Matam,hourly,2025-10-31 23:00:00+00:00,32.79,28,1011,1.92,0.0,ciel dégagé
Matam,hourly,2025-11-01 00:00:00+00:00,31.89,20,1011,2.05,0.0,ciel dégagé
Matam,hourly,2025-11-01 01:00:00+00:00,30.44,13,1011,1.88,0.0,ciel dégagé
Matam,hourly,2025-11-01 02:00:00+00:00,29.57,13,1010,1.43,0.0,ciel dégagé
Matam,hourly,2025-11-01 03:00:00+00:00,29.43,13,1010,1.61,0.0,peu nuageux
Matam,hourly,2025-11-01 04:00:00+00:00,29.27,13,1010,2.41,0.0,partiellement nuageux
Matam,hourly,2025-11-01 05:00:00+00:00,28.41,14,1010,1.63,0.0,partiellement nuageux
Matam,hourly,2025-11-01 06:00:00+00:00,28.51,14,1011,2.52,0.0,nuageux
Matam,hourly,2025-11-01 07:00:00+00:00,27.51,17,1012,0.58,0.0,couvert
Matam,hourly,2025-11-01 08:00:00+00:00,29.71,15,1013,1.12,0.0,couvert
Matam,hourly,2025-11-01 09:00:00+00:00,32.17,11,1013,1.37,0.0,couvert
Matam,hourly,2025-11-01 10:00:00+00:00,34.47,10,1013,2.23,0.0,couvert
Matam,hourly,2025-11-01 11:00:00+00:00,36.76,8,1013,3.27,0.0,couvert
Matam,hourly,2025-11-01 12:00:00+00:00,38.4,8,1012,4.87,0.0,nuageux
Matam,hourly,2025-11-01 13:00:00+00:00,39.54,7,1011,5.41,0.0,peu nuageux
Matam,hourly,2025-11-01 14:00:00+00:00,40.58,7,1009,5.19,0.0,ciel dégagé
Matam,hourly,2025-11-01 15:00:00+00:00,40.99,7,1009,6.7,0.0,ciel dégagé
Matam,hourly,2025-11-01 16:00:00+00:00,40.73,8,1008,5.88,0.0,ciel dégagé
Matam,hourly,2025-11-01 17:00:00+00:00,40.46,8,1008,5.14,0.0,ciel dégagé
Matam,hourly,2025-11-01 18:00:00+00:00,38.24,9,1009,4.71,0.0,ciel dégagé
Matam,hourly,2025-11-01 19:00:00+00:00,35.95,10,1010,3.51,0.0,ciel dégagé
Matam,hourly,2025-11-01 20:00:00+00:00,35.15,11,1011,3.87,0.0,peu nuageux
Matam,hourly,2025-11-01 21:00:00+00:00,34.1,11,1011,3.77,0.0,partiellement nuageux
Matam,hourly,2025-11-01 22:00:00+00:00,33.43,12,1011,3.25,0.0,partiellement nuageux
Matam,hourly,2025-11-01 23:00:00+00:00,32.7,12,1011,2.55,0.0,nuageux
Matam,hourly,2025-11-02 00:00:00+00:00,31.81,13,1011,2.65,0.0,nuageux
Matam,hourly,2025-11-02 01:00:00+00:00,31.17,13,1011,3.18,0.0,couvert
Matam,hourly,2025-11-02 02:00:00+00:00,29.97,14,1011,2.9,0.0,nuageux
Matam,hourly,2025-11-02 03:00:00+00:00,29.58,13,1011,2.12,0.0,nuageux
Matam,hourly,2025-11-02 04:00:00+00:00,28.8,15,1011,2.02,0.0,nuageux
Matam,hourly,2025-11-02 05:00:00+00:00,28.01,17,1011,1.6,0.0,nuageux
Matam,hourly,2025-11-02 06:00:00+00:00,27.93,17,1011,2.66,0.0,nuageux
Matam,hourly,2025-11-02 07:00:00+00:00,27.38,17,1012,2.85,0.0,nuageux
Matam,hourly,2025-11-02 08:00:00+00:00,28.96,16,1012,3.31,0.0,partiellement nuageux
Matam,hourly,2025-11-02 09:00:00+00:00,32.06,15,1012,4.65,0.0,partiellement nuageux
Matam,hourly,2025-11-02 10:00:00+00:00,35.03,12,1013,5.77,0.0,partiellement nuageux
Matam,hourly,2025-11-02 11:00:00+00:00,37.37,9,1013,6.39,0.0,peu nuageux
Matam,hourly,2025-11-02 12:00:00+00:00,39.08,7,1012,7.24,0.0,peu nuageux
Matam,hourly,2025-11-02 13:00:00+00:00,40.07,6,1011,7.21,0.0,partiellement nuageux
Matam,hourly,2025-11-02 14:00:00+00:00,40.64,6,1010,7.04,0.0,partiellement nuageux
Matam,hourly,2025-11-02 15:00:00+00:00,40.61,6,1009,6.95,0.0,nuageux
Matam,hourly,2025-11-02 16:00:00+00:00,40.3,6,1009,6.4,0.0,nuageux
Matam,hourly,2025-11-02 17:00:00+00:00,39.74,6,1009,4.86,0.0,nuageux
Matam,hourly,2025-11-02 18:00:00+00:00,36.3,10,1009,1.7,0.0,nuageux
Matam,daily,2025-10-31 12:00:00+00:00,37.37,12,1012,3.82,0.0,peu nuageux
Matam,daily,2025-11-01 12:00:00+00:00,38.4,8,1012,6.7,0.0,nuageux
Matam,daily,2025-11-02 12:00:00+00:00,39.08,7,1012,7.24,0.0,peu nuageux
Matam,daily,2025-11-03 12:00:00+00:00,38.22,9,1011,6.06,0.0,couvert
Matam,daily,2025-11-04 12:00:00+00:00,36.95,10,1011,4.4,0.0,peu nuageux
Matam,daily,2025-11-05 12:00:00+00:00,35.75,21,1012,4.67,0.0,peu nuageux
Matam,daily,2025-11-06 12:00:00+00:00,37.61,8,1011,5.28,0.0,nuageux
Matam,daily,2025-11-07 12:00:00+00:00,36.79,9,1011,5.0,0.0,ciel dégagé
Diourbel,current,2025-10-31 19:31:27+00:00,32.1,70,1012,3.09,0.0,ciel dégagé
Diourbel,hourly,2025-10-31 19:00:00+00:00,32.32,62,1012,1.67,0.0,ciel dégagé
Diourbel,hourly,2025-10-31 20:00:00+00:00,32.1,70,1012,3.82,0.0,ciel dégagé
Diourbel,hourly,2025-10-31 21:00:00+00:00,31.5,68,1012,3.55,0.0,ciel dégagé
Diourbel,hourly,2025-10-31 22:00:00+00:00,30.6,67,1012,3.91,0.0,ciel dégagé
Diourbel,hourly,2025-10-31 23:00:00+00:00,29.45,68,1013,3.79,0.0,ciel dégagé
Diourbel,hourly,2025-11-01 00:00:00+00:00,28.16,71,1013,2.96,0.0,ciel dégagé
Diourbel,hourly,2025-11-01 01:00:00+00:00,26.83,72,1012,3.33,0.0,ciel dégagé
Diourbel,hourly,2025-11-01 02:00:00+00:00,26.55,73,1012,3.86,0.0,ciel dégagé
Diourbel,hourly,2025-11-01 03:00:00+00:00,26.26,72,1011,2.68,0.0,partiellement nuageux
Diourbel,hourly,2025-11-01 04:00:00+00:00,25.83,74,1012,2.51,0.0,partiellement nuageux
Diourbel,hourly,2025-11-01 05:00:00+00:00,25.34,77,1012,2.73,0.0,nuageux
Diourbel,hourly,2025-11-01 06:00:00+00:00,25.03,79,1012,2.86,0.0,partiellement nuageux
Diourbel,hourly,2025-11-01 07:00:00+00:00,24.73,81,1013,2.88,0.0,nuageux
Diourbel,hourly,2025-11-01 08:00:00+00:00,25.69,77,1013,2.26,0.0,nuageux
Diourbel,hourly,2025-11-01 09:00:00+00:00,28.18,64,1014,3.82,0.0,nuageux
Diourbel,hourly,2025-11-01 10:00:00+00:00,30.66,49,1014,4.28,0.0,partiellement nuageux
Diourbel,hourly,2025-11-01 11:00:00+00:00,33.1,37,1014,4.41,0.0,partiellement nuageux
Diourbel,hourly,2025-11-01 12:00:00+00:00,35.1,29,1013,4.19,0.0,partiellement nuageux
Diourbel,hourly,2025-11-01 13:00:00+00:00,36.45,25,1011,4.0,0.0,nuageux
Diourbel,hourly,2025-11-01 14:00:00+00:00,37.53,21,1010,3.46,0.0,nuageux
Diourbel,hourly,2025-11-01 15:00:00+00:00,38.25,17,1009,3.1,0.0,nuageux
Diourbel,hourly,2025-11-01 16:00:00+00:00,38.48,15,1009,2.96,0.0,nuageux
Diourbel,hourly,2025-11-01 17:00:00+00:00,38.29,14,1009,2.39,0.0,nuageux
Diourbel,hourly,2025-11-01 18:00:00+00:00,36.05,19,1010,1.27,0.0,couvert
Diourbel,hourly,2025-11-01 19:00:00+00:00,31.51,37,1011,4.1,0.0,partiellement nuageux
Diourbel,hourly,2025-11-01 20:00:00+00:00,29.04,55,1012,4.69,0.0,nuageux
Diourbel,hourly,2025-11-01 21:00:00+00:00,27.79,64,1012,5.12,0.0,nuageux
Diourbel,hourly,2025-11-01 22:00:00+00:00,27.16,68,1013,4.43,0.0,nuageux
Diourbel,hourly,2025-11-01 23:00:00+00:00,26.66,71,1013,3.96,0.0,couvert
Diourbel,hourly,2025-11-02 00:00:00+00:00,26.15,74,1013,3.34,0.0,couvert
Diourbel,hourly,2025-11-02 01:00:00+00:00,25.73,75,1013,2.93,0.0,couvert
Diourbel,hourly,2025-11-02 02:00:00+00:00,25.42,77,1012,3.29,0.0,couvert
Diourbel,hourly,2025-11-02 03:00:00+00:00,25.02,80,1012,2.87,0.0,couvert
Diourbel,hourly,2025-11-02 04:00:00+00:00,24.61,82,1012,3.05,0.0,couvert
Diourbel,hourly,2025-11-02 05:00:00+00:00,24.27,83,1012,3.12,0.0,nuageux
Diourbel,hourly,2025-11-02 06:00:00+00:00,23.92,85,1012,2.95,0.0,nuageux
Diourbel,hourly,2025-11-02 07:00:00+00:00,23.7,85,1012,3.07,0.0,peu nuageux
Diourbel,hourly,2025-11-02 08:00:00+00:00,24.75,80,1013,1.8,0.0,peu nuageux
Diourbel,hourly,2025-11-02 09:00:00+00:00,27.42,66,1013,3.69,0.0,partiellement nuageux
Diourbel,hourly,2025-11-02 10:00:00+00:00,30.14,50,1014,4.09,0.0,peu nuageux
Diourbel,hourly,2025-11-02 11:00:00+00:00,33.19,35,1013,3.79,0.0,peu nuageux
Diourbel,hourly,2025-11-02 12:00:00+00:00,35.63,24,1012,3.56,0.0,peu nuageux
Diourbel,hourly,2025-11-02 13:00:00+00:00,37.45,17,1011,3.56,0.0,ciel dégagé
Diourbel,hourly,2025-11-02 14:00:00+00:00,38.78,13,1010,3.35,0.0,ciel dégagé
Diourbel,hourly,2025-11-02 15:00:00+00:00,39.65,10,1009,3.15,0.0,ciel dégagé
Diourbel,hourly,2025-11-02 16:00:00+00:00,39.86,9,1008,3.44,0.0,ciel dégagé
Diourbel,hourly,2025-11-02 17:00:00+00:00,39.11,11,1009,4.04,0.0,ciel dégagé
Diourbel,hourly,2025-11-02 18:00:00+00:00,36.11,15,1009,3.48,0.0,ciel dégagé
Diourbel,daily,2025-10-31 12:00:00+00:00,33.82,40,1013,3.91,0.0,ciel dégagé
Diourbel,daily,2025-11-01 12:00:00+00:00,35.1,29,1013,5.12,0.0,partiellement nuageux
Diourbel,daily,2025-11-02 12:00:00+00:00,35.63,24,1012,5.13,0.0,peu nuageux
Diourbel,daily,2025-11-03 12:00:00+00:00,37.38,15,1011,5.88,0.0,ciel dégagé
Diourbel,daily,2025-11-04 12:00:00+00:00,34.02,43,1012,7.38,0.0,ciel dégagé
Diourbel,daily,2025-11-05 12:00:00+00:00,33.58,41,1013,4.33,0.0,peu nuageux
Diourbel,daily,2025-11-06 12:00:00+00:00,34.23,26,1011,3.55,0.0,partiellement nuageux
Diourbel,daily,2025-11-07 12:00:00+00:00,35.83,13,1011,4.15,0.0,ciel dégagé
Podor,current,2025-10-31 19:31:29+00:00,34.97,49,1011,2.06,0.0,ciel dégagé
Podor,hourly,2025-10-31 19:00:00+00:00,35.36,41,1011,0.47,0.0,ciel dégagé
Podor,hourly,2025-10-31 20:00:00+00:00,34.97,49,1011,0.75,0.0,ciel dégagé
Podor,hourly,2025-10-31 21:00:00+00:00,35.0,42,1011,1.19,0.0,ciel dégagé
Podor,hourly,2025-10-31 22:00:00+00:00,34.66,35,1011,1.38,0.0,ciel dégagé
Podor,hourly,2025-10-31 23:00:00+00:00,34.09,28,1011,1.36,0.0,ciel dégagé
Podor,hourly,2025-11-01 00:00:00+00:00,33.4,21,1011,0.87,0.0,ciel dégagé
Podor,hourly,2025-11-01 01:00:00+00:00,31.73,16,1011,0.31,0.0,ciel dégagé
Podor,hourly,2025-11-01 02:00:00+00:00,31.16,16,1011,1.25,0.0,ciel dégagé
Podor,hourly,2025-11-01 03:00:00+00:00,30.61,17,1011,1.33,0.0,ciel dégagé
Podor,hourly,2025-11-01 04:00:00+00:00,29.77,18,1011,0.33,0.0,peu nuageux
Podor,hourly,2025-11-01 05:00:00+00:00,29.85,16,1011,1.87,0.0,partiellement nuageux
Podor,hourly,2025-11-01 06:00:00+00:00,29.66,14,1011,2.68,0.0,partiellement nuageux
Podor,hourly,2025-11-01 07:00:00+00:00,29.04,14,1012,2.54,0.0,nuageux
Podor,hourly,2025-11-01 08:00:00+00:00,30.12,13,1013,1.75,0.0,nuageux
Podor,hourly,2025-11-01 09:00:00+00:00,32.24,11,1013,2.27,0.0,nuageux
Podor,hourly,2025-11-01 10:00:00+00:00,33.97,10,1014,2.05,0.0,nuageux
Podor,hourly,2025-11-01 11:00:00+00:00,35.55,9,1013,1.88,0.0,nuageux
Podor,hourly,2025-11-01 12:00:00+00:00,37.1,8,1012,2.33,0.0,nuageux
Podor,hourly,2025-11-01 13:00:00+00:00,38.42,7,1011,2.44,0.0,partiellement nuageux
Podor,hourly,2025-11-01 14:00:00+00:00,39.4,7,1010,2.98,0.0,peu nuageux
Podor,hourly,2025-11-01 15:00:00+00:00,40.0,6,1010,3.58,0.0,peu nuageux
Podor,hourly,2025-11-01 16:00:00+00:00,40.17,6,1009,3.94,0.0,peu nuageux
Podor,hourly,2025-11-01 17:00:00+00:00,39.93,6,1009,3.76,0.0,peu nuageux
Podor,hourly,2025-11-01 18:00:00+00:00,39.0,7,1010,3.22,0.0,peu nuageux
Podor,hourly,2025-11-01 19:00:00+00:00,37.29,8,1010,3.35,0.0,nuageux
Podor,hourly,2025-11-01 20:00:00+00:00,36.51,8,1011,2.96,0.0,nuageux
Podor,hourly,2025-11-01 21:00:00+00:00,35.8,8,1011,3.04,0.0,nuageux
Podor,hourly,2025-11-01 22:00:00+00:00,34.92,9,1012,4.08,0.0,nuageux
Podor,hourly,2025-11-01 23:00:00+00:00,33.77,9,1012,3.95,0.0,nuageux
Podor,hourly,2025-11-02 00:00:00+00:00,33.3,10,1012,3.94,0.0,nuageux
Podor,hourly,2025-11-02 01:00:00+00:00,32.32,10,1012,3.84,0.0,couvert
Podor,hourly,2025-11-02 02:00:00+00:00,31.53,11,1011,3.53,0.0,couvert
Podor,hourly,2025-11-02 03:00:00+00:00,31.04,11,1011,3.06,0.0,couvert
Podor,hourly,2025-11-02 04:00:00+00:00,30.87,11,1011,2.96,0.0,couvert
Podor,hourly,2025-11-02 05:00:00+00:00,30.38,12,1011,2.86,0.0,couvert
Podor,hourly,2025-11-02 06:00:00+00:00,29.67,12,1011,2.01,0.0,couvert
Podor,hourly,2025-11-02 07:00:00+00:00,29.09,13,1012,2.61,0.0,couvert
Podor,hourly,2025-11-02 08:00:00+00:00,30.03,13,1013,2.92,0.0,couvert
Podor,hourly,2025-11-02 09:00:00+00:00,31.89,11,1013,3.6,0.0,couvert
Podor,hourly,2025-11-02 10:00:00+00:00,34.63,10,1013,4.2,0.0,nuageux
Podor,hourly,2025-11-02 11:00:00+00:00,37.05,8,1013,5.09,0.0,nuageux
Podor,hourly,2025-11-02 12:00:00+00:00,38.81,7,1012,6.32,0.0,nuageux
Podor,hourly,2025-11-02 13:00:00+00:00,40.13,7,1011,6.97,0.0,peu nuageux
Podor,hourly,2025-11-02 14:00:00+00:00,40.93,6,1010,7.32,0.0,partiellement nuageux
Podor,hourly,2025-11-02 15:00:00+00:00,41.13,6,1009,7.11,0.0,peu nuageux
Podor,hourly,2025-11-02 16:00:00+00:00,40.95,6,1009,6.79,0.0,peu nuageux
Podor,hourly,2025-11-02 17:00:00+00:00,40.49,6,1009,6.26,0.0,partiellement nuageux
Podor,hourly,2025-11-02 18:00:00+00:00,39.14,7,1010,3.65,0.0,partiellement nuageux
Podor,daily,2025-10-31 12:00:00+00:00,36.02,20,1012,3.61,0.0,partiellement nuageux
Podor,daily,2025-11-01 12:00:00+00:00,37.1,8,1012,4.08,0.0,nuageux
Podor,daily,2025-11-02 12:00:00+00:00,38.81,7,1012,7.32,0.0,nuageux
Podor,daily,2025-11-03 12:00:00+00:00,38.6,9,1011,6.95,0.0,ciel dégagé
Podor,daily,2025-11-04 12:00:00+00:00,37.66,11,1011,4.32,0.0,ciel dégagé
Podor,daily,2025-11-05 12:00:00+00:00,35.79,16,1013,5.43,0.0,ciel dégagé
Podor,daily,2025-11-06 12:00:00+00:00,36.08,9,1011,4.51,0.0,couvert
Podor,daily,2025-11-07 12:00:00+00:00,36.82,9,1011,5.93,0.0,ciel dégagé
Richard-Toll,current,2025-10-31 19:31:31+00:00,31.79,26,1011,4.27,0.0,ciel dégagé
Richard-Toll,hourly,2025-10-31 19:00:00+00:00,32.2,25,1011,3.62,0.0,ciel dégagé
Richard-Toll,hourly,2025-10-31 20:00:00+00:00,31.79,26,1011,4.27,0.0,ciel dégagé
Richard-Toll,hourly,2025-10-31 21:00:00+00:00,31.57,27,1011,5.12,0.0,ciel dégagé
Richard-Toll,hourly,2025-10-31 22:00:00+00:00,30.79,30,1011,4.44,0.0,ciel dégagé
Richard-Toll,hourly,2025-10-31 23:00:00+00:00,30.02,35,1012,3.34,0.0,ciel dégagé
Richard-Toll,hourly,2025-11-01 00:00:00+00:00,29.33,38,1012,3.1,0.0,ciel dégagé
Richard-Toll,hourly,2025-11-01 01:00:00+00:00,28.19,42,1012,3.56,0.0,ciel dégagé
Richard-Toll,hourly,2025-11-01 02:00:00+00:00,27.55,45,1011,3.59,0.0,ciel dégagé
Richard-Toll,hourly,2025-11-01 03:00:00+00:00,27.24,46,1011,3.39,0.0,ciel dégagé
Richard-Toll,hourly,2025-11-01 04:00:00+00:00,26.96,45,1011,3.28,0.0,partiellement nuageux
Richard-Toll,hourly,2025-11-01 05:00:00+00:00,26.63,45,1011,3.3,0.0,partiellement nuageux
Richard-Toll,hourly,2025-11-01 06:00:00+00:00,26.45,43,1011,2.82,0.0,nuageux
Richard-Toll,hourly,2025-11-01 07:00:00+00:00,26.08,42,1012,3.06,0.0,partiellement nuageux
Richard-Toll,hourly,2025-11-01 08:00:00+00:00,27.02,39,1013,2.49,0.0,peu nuageux
Richard-Toll,hourly,2025-11-01 09:00:00+00:00,29.56,29,1014,1.56,0.0,partiellement nuageux
Richard-Toll,hourly,2025-11-01 10:00:00+00:00,32.2,20,1014,1.34,0.0,partiellement nuageux
Richard-Toll,hourly,2025-11-01 11:00:00+00:00,34.73,13,1013,1.74,0.0,partiellement nuageux
Richard-Toll,hourly,2025-11-01 12:00:00+00:00,36.73,10,1013,2.2,0.0,partiellement nuageux
Richard-Toll,hourly,2025-11-01 13:00:00+00:00,38.36,8,1011,2.87,0.0,ciel dégagé
Richard-Toll,hourly,2025-11-01 14:00:00+00:00,39.5,8,1010,3.55,0.0,ciel dégagé
Richard-Toll,hourly,2025-11-01 15:00:00+00:00,40.05,7,1010,3.85,0.0,peu nuageux
Richard-Toll,hourly,2025-11-01 16:00:00+00:00,40.09,7,1009,3.77,0.0,partiellement nuageux
Richard-Toll,hourly,2025-11-01 17:00:00+00:00,39.72,8,1009,4.1,0.0,partiellement nuageux
Richard-Toll,hourly,2025-11-01 18:00:00+00:00,38.28,8,1010,3.92,0.0,partiellement nuageux
Richard-Toll,hourly,2025-11-01 19:00:00+00:00,35.63,9,1011,2.86,0.0,nuageux
Richard-Toll,hourly,2025-11-01 20:00:00+00:00,33.16,18,1011,3.6,0.0,nuageux
Richard-Toll,hourly,2025-11-01 21:00:00+00:00,31.64,23,1012,4.18,0.0,nuageux
Richard-Toll,hourly,2025-11-01 22:00:00+00:00,30.76,25,1012,4.04,0.0,nuageux
Richard-Toll,hourly,2025-11-01 23:00:00+00:00,30.24,27,1012,3.85,0.0,nuageux
Richard-Toll,hourly,2025-11-02 00:00:00+00:00,29.9,27,1012,3.99,0.0,nuageux
Richard-Toll,hourly,2025-11-02 01:00:00+00:00,29.58,25,1012,4.18,0.0,couvert
Richard-Toll,hourly,2025-11-02 02:00:00+00:00,29.06,24,1011,3.15,0.0,couvert
Richard-Toll,hourly,2025-11-02 03:00:00+00:00,28.75,20,1011,2.79,0.0,couvert
Richard-Toll,hourly,2025-11-02 04:00:00+00:00,28.58,17,1011,3.16,0.0,couvert
Richard-Toll,hourly,2025-11-02 05:00:00+00:00,28.48,15,1011,3.65,0.0,couvert
Richard-Toll,hourly,2025-11-02 06:00:00+00:00,27.95,14,1012,2.72,0.0,couvert
Richard-Toll,hourly,2025-11-02 07:00:00+00:00,27.79,14,1012,2.68,0.0,couvert
Richard-Toll,hourly,2025-11-02 08:00:00+00:00,29.17,13,1013,3.44,0.0,nuageux
Richard-Toll,hourly,2025-11-02 09:00:00+00:00,32.1,11,1013,3.49,0.0,partiellement nuageux
Richard-Toll,hourly,2025-11-02 10:00:00+00:00,34.93,10,1013,4.7,0.0,partiellement nuageux
Richard-Toll,hourly,2025-11-02 11:00:00+00:00,37.35,8,1013,5.04,0.0,peu nuageux
Richard-Toll,hourly,2025-11-02 12:00:00+00:00,39.25,7,1012,5.64,0.0,peu nuageux
Richard-Toll,hourly,2025-11-02 13:00:00+00:00,40.44,7,1011,6.87,0.0,ciel dégagé
Richard-Toll,hourly,2025-11-02 14:00:00+00:00,41.19,6,1010,7.05,0.0,ciel dégagé
Richard-Toll,hourly,2025-11-02 15:00:00+00:00,41.36,6,1009,6.8,0.0,ciel dégagé
Richard-Toll,hourly,2025-11-02 16:00:00+00:00,41.19,6,1009,6.46,0.0,ciel dégagé
Richard-Toll,hourly,2025-11-02 17:00:00+00:00,40.66,6,1009,6.04,0.0,ciel dégagé
Richard-Toll,hourly,2025-11-02 18:00:00+00:00,38.8,8,1010,4.25,0.0,ciel dégagé
Richard-Toll,daily,2025-10-31 12:00:00+00:00,35.48,25,1012,5.12,0.0,peu nuageux
Richard-Toll,daily,2025-11-01 12:00:00+00:00,36.73,10,1013,4.18,0.0,partiellement nuageux
Richard-Toll,daily,2025-11-02 12:00:00+00:00,39.25,7,1012,7.05,0.0,peu nuageux
Richard-Toll,daily,2025-11-03 12:00:00+00:00,38.59,9,1011,7.13,0.0,peu nuageux
Richard-Toll,daily,2025-11-04 12:00:00+00:00,36.99,13,1011,6.01,0.0,ciel dégagé
Richard-Toll,daily,2025-11-05 12:00:00+00:00,36.17,19,1013,5.41,0.0,ciel dégagé
Richard-Toll,daily,2025-11-06 12:00:00+00:00,37.4,8,1011,4.94,0.0,couvert
Richard-Toll,daily,2025-11-07 12:00:00+00:00,37.49,9,1011,6.24,0.0,ciel dégagé
Bakel,current,2025-10-31 19:31:33+00:00,31.98,14,1010,1.38,0.0,ciel dégagé
Bakel,hourly,2025-10-31 19:00:00+00:00,32.13,14,1010,1.16,0.0,ciel dégagé
Bakel,hourly,2025-10-31 20:00:00+00:00,31.98,14,1010,1.38,0.0,ciel dégagé
Bakel,hourly,2025-10-31 21:00:00+00:00,31.96,14,1010,1.76,0.0,ciel dégagé
Bakel,hourly,2025-10-31 22:00:00+00:00,31.56,15,1010,1.82,0.0,ciel dégagé
Bakel,hourly,2025-10-31 23:00:00+00:00,30.84,16,1011,1.6,0.0,ciel dégagé
Bakel,hourly,2025-11-01 00:00:00+00:00,30.22,15,1011,1.27,0.0,peu nuageux
Bakel,hourly,2025-11-01 01:00:00+00:00,29.55,15,1011,1.89,0.0,couvert
Bakel,hourly,2025-11-01 02:00:00+00:00,29.14,15,1010,0.78,0.0,couvert
Bakel,hourly,2025-11-01 03:00:00+00:00,29.07,15,1010,0.92,0.0,couvert
Bakel,hourly,2025-11-01 04:00:00+00:00,28.62,14,1010,2.26,0.0,couvert
Bakel,hourly,2025-11-01 05:00:00+00:00,27.55,15,1010,1.25,0.0,couvert
Bakel,hourly,2025-11-01 06:00:00+00:00,26.63,16,1011,1.3,0.0,couvert
Bakel,hourly,2025-11-01 07:00:00+00:00,26.44,16,1012,1.59,0.0,nuageux
Bakel,hourly,2025-11-01 08:00:00+00:00,29.05,16,1012,1.04,0.0,partiellement nuageux
Bakel,hourly,2025-11-01 09:00:00+00:00,32.1,12,1013,2.41,0.0,partiellement nuageux
Bakel,hourly,2025-11-01 10:00:00+00:00,34.56,10,1013,3.56,0.0,partiellement nuageux
Bakel,hourly,2025-11-01 11:00:00+00:00,36.81,9,1012,4.7,0.0,nuageux
Bakel,hourly,2025-11-01 12:00:00+00:00,38.49,9,1011,5.69,0.0,nuageux
Bakel,hourly,2025-11-01 13:00:00+00:00,39.56,9,1010,5.76,0.0,nuageux
Bakel,hourly,2025-11-01 14:00:00+00:00,40.21,10,1009,5.64,0.0,partiellement nuageux
Bakel,hourly,2025-11-01 15:00:00+00:00,40.49,11,1008,5.77,0.0,partiellement nuageux
Bakel,hourly,2025-11-01 16:00:00+00:00,40.33,11,1008,5.34,0.0,partiellement nuageux
Bakel,hourly,2025-11-01 17:00:00+00:00,39.77,11,1008,4.82,0.0,partiellement nuageux
Bakel,hourly,2025-11-01 18:00:00+00:00,36.43,14,1009,2.85,0.0,partiellement nuageux
Bakel,hourly,2025-11-01 19:00:00+00:00,33.02,17,1009,1.26,0.0,nuageux
Bakel,hourly,2025-11-01 20:00:00+00:00,32.66,17,1010,1.05,0.0,partiellement nuageux
Bakel,hourly,2025-11-01 21:00:00+00:00,32.79,16,1011,1.25,0.0,partiellement nuageux
Bakel,hourly,2025-11-01 22:00:00+00:00,31.45,19,1012,1.33,0.0,partiellement nuageux
Bakel,hourly,2025-11-01 23:00:00+00:00,31.07,22,1011,2.3,0.0,nuageux
Bakel,hourly,2025-11-02 00:00:00+00:00,30.12,28,1011,3.28,0.0,nuageux
Bakel,hourly,2025-11-02 01:00:00+00:00,29.07,34,1011,2.84,0.0,couvert
Bakel,hourly,2025-11-02 02:00:00+00:00,28.97,37,1011,3.81,0.0,couvert
Bakel,hourly,2025-11-02 03:00:00+00:00,28.43,40,1011,3.67,0.0,couvert
Bakel,hourly,2025-11-02 04:00:00+00:00,27.99,42,1011,3.62,0.0,couvert
Bakel,hourly,2025-11-02 05:00:00+00:00,26.7,46,1011,2.09,0.0,couvert
Bakel,hourly,2025-11-02 06:00:00+00:00,26.39,47,1011,2.54,0.0,couvert
Bakel,hourly,2025-11-02 07:00:00+00:00,25.96,51,1012,2.99,0.0,couvert
Bakel,hourly,2025-11-02 08:00:00+00:00,27.32,50,1012,2.56,0.0,couvert
Bakel,hourly,2025-11-02 09:00:00+00:00,29.59,46,1013,2.23,0.0,couvert
Bakel,hourly,2025-11-02 10:00:00+00:00,31.66,40,1013,1.28,0.0,couvert
Bakel,hourly,2025-11-02 11:00:00+00:00,34.03,34,1013,1.44,0.0,couvert
Bakel,hourly,2025-11-02 12:00:00+00:00,36.43,25,1012,1.64,0.0,nuageux
Bakel,hourly,2025-11-02 13:00:00+00:00,38.57,18,1011,3.68,0.0,partiellement nuageux
Bakel,hourly,2025-11-02 14:00:00+00:00,39.6,15,1010,4.74,0.0,partiellement nuageux
Bakel,hourly,2025-11-02 15:00:00+00:00,39.92,12,1009,4.96,0.0,nuageux
Bakel,hourly,2025-11-02 16:00:00+00:00,40.03,9,1008,4.89,0.0,nuageux
Bakel,hourly,2025-11-02 17:00:00+00:00,39.59,7,1009,4.02,0.0,partiellement nuageux
Bakel,hourly,2025-11-02 18:00:00+00:00,34.87,13,1009,1.14,0.0,partiellement nuageux
Bakel,daily,2025-10-31 12:00:00+00:00,36.41,21,1012,3.31,0.0,ciel dégagé
Bakel,daily,2025-11-01 12:00:00+00:00,38.49,9,1011,5.77,0.0,nuageux
Bakel,daily,2025-11-02 12:00:00+00:00,36.43,25,1012,4.96,0.0,nuageux
Bakel,daily,2025-11-03 12:00:00+00:00,38.01,10,1010,5.09,0.0,nuageux
Bakel,daily,2025-11-04 12:00:00+00:00,35.75,16,1011,3.35,0.0,ciel dégagé
Bakel,daily,2025-11-05 12:00:00+00:00,36.29,20,1012,5.41,0.0,ciel dégagé
Bakel,daily,2025-11-06 12:00:00+00:00,36.96,10,1011,3.81,0.0,partiellement nuageux
Bakel,daily,2025-11-07 12:00:00+00:00,36.69,10,1011,4.51,0.0,ciel dégagé
